users,followers
andreas_purnomo,otomakassar24
andreas_purnomo,BataviaOto
andreas_purnomo,suzukiaristagrp
andreas_purnomo,claudia19122016
andreas_purnomo,HendyThemossa
andreas_purnomo,gielangshana
andreas_purnomo,syahrozzy
andreas_purnomo,pengurusanijin
andreas_purnomo,PurnamaDonna
andreas_purnomo,e_may777
andreas_purnomo,Tonny_M
andreas_purnomo,HrdHelper
andreas_purnomo,MichaelResa
andreas_purnomo,winniesantz
andreas_purnomo,edu_indonesia
andreas_purnomo,LivingOnJesus
andreas_purnomo,RAdeactivated
andreas_purnomo,youthKaput
andreas_purnomo,DaudPrasetya
andreas_purnomo,MerryRiana
andreas_purnomo,ihateslow_
andreas_purnomo,evasantoso
andreas_purnomo,u93121
andreas_purnomo,TRENDINGS
andreas_purnomo,KISSME107
benidektus_w,Lyulianto3
benidektus_w,Hitachi6501
benidektus_w,DenarSupriyatma
benidektus_w,DwikArnata
benidektus_w,wbar_custom
benidektus_w,bogeng1976
benidektus_w,AlBrodin
benidektus_w,weko8899
benidektus_w,Khoerudinangma1
benidektus_w,Dmitebuster
benidektus_w,HubCrowdfunding
benidektus_w,pekakparsa
benidektus_w,GoesKaput
benidektus_w,kiekiebali
benidektus_w,imcindybachito
benidektus_w,r_erwiyono
benidektus_w,amir_kusbandono
benidektus_w,williamariadi
benidektus_w,yuan_yusnita
benidektus_w,arykeren2108
benidektus_w,dessy_afit
benidektus_w,ol1vi4
benidektus_w,ardinantoko
benidektus_w,veronier
benidektus_w,madeheri78
benidektus_w,AnastAnn
benidektus_w,ChristoNicho
benidektus_w,DjTogar
benidektus_w,nanangsoerjah
benidektus_w,TioBudi
benidektus_w,veronicacinorev
benidektus_w,machioituiyo
benidektus_w,tjandrasoesilo
benidektus_w,Quteerna
benidektus_w,meyegalsinta
benidektus_w,judeangel
benidektus_w,GreatestQuotes
benidektus_w,loli_n_suga
benidektus_w,febe19
benidektus_w,rimayunlita
benidektus_w,ward45t
benidektus_w,ambrosiousdwi
benidektus_w,james_hoggan
benidektus_w,chan_lenny
ngurahbudi777,wydhowaty
ngurahbudi777,nft_wayin
ngurahbudi777,wayan_redika
ngurahbudi777,kabar_nusa
ngurahbudi777,WardhitaAgung
ngurahbudi777,SusantyYufita
ngurahbudi777,diana_runtu
ngurahbudi777,AnakAgungAgusE1
ngurahbudi777,nadiarastafary
ngurahbudi777,hendrycov
ngurahbudi777,Ngrputu1
ngurahbudi777,JayaPerdhana
ngurahbudi777,AgungWardhita
ngurahbudi777,Teater_Kalangan
ngurahbudi777,Siragoes
ngurahbudi777,Brodewa19
ngurahbudi777,yahyaumar
ngurahbudi777,Nugraha_SIC
ngurahbudi777,CKelmad
ngurahbudi777,suryanikoming
ngurahbudi777,CraftBaliSilver
ngurahbudi777,indrabelardo
ngurahbudi777,lilaartphoto
ngurahbudi777,gasabig
ngurahbudi777,IkhwanRifat
ngurahbudi777,IdRamerame
ngurahbudi777,bolejadibupati
ngurahbudi777,arnawa007
ngurahbudi777,NyomanWenten1
ngurahbudi777,groups_hotel
ngurahbudi777,NiaExi
ngurahbudi777,budi13644
ngurahbudi777,robinjangkrik
ngurahbudi777,UdiAdnyanaMade
ngurahbudi777,tirta_bhuana
ngurahbudi777,thechocoland
ngurahbudi777,gungdeata
ngurahbudi777,__bshu
ngurahbudi777,KSuryantha
ngurahbudi777,syarip354
ngurahbudi777,Juragan_Andara
ngurahbudi777,jpprobali
ngurahbudi777,endri_js
ngurahbudi777,tab_bisnissby
ngurahbudi777,eka_btv
ngurahbudi777,Ida_Miha
ngurahbudi777,ibeOlo
ngurahbudi777,goldenkutatour
ngurahbudi777,omangbabe
ngurahbudi777,GusSuanggaputra
ngurahbudi777,wahyunaghlebah
ngurahbudi777,Nyoman_Aik
ngurahbudi777,nwpebri
ngurahbudi777,WidyaniShanti
ngurahbudi777,Ichwan_sitorus
ngurahbudi777,izwanZulkipli
ngurahbudi777,gendutsatu
ngurahbudi777,bengkelhonda
ngurahbudi777,museumdtopeng
ngurahbudi777,kreatifitukerja
ngurahbudi777,wiratiastiti
ngurahbudi777,wah_ama
ngurahbudi777,mr_peaqack
ngurahbudi777,SriArdhini
ngurahbudi777,MingguanTokoh
ngurahbudi777,wah_seven
new_mogele,MarthenPesulima
new_mogele,berlin_marbun
new_mogele,KlubPathfinder
new_mogele,reinrumbiak
new_mogele,SagalaHarris
new_mogele,mosesdwiguna
sutiyono365,ZAINULA17659823
sutiyono365,Rahmawaty281
sutiyono365,VhyBelo
sutiyono365,novri_hstanjung
sutiyono365,ajiebfoods
sutiyono365,Eakalak00813026
sutiyono365,KusnendarDadan
sutiyono365,AngelErdelt
sutiyono365,hidayat43431912
sutiyono365,PutriClaudya12
sutiyono365,SoendaAnak
sutiyono365,priatnasinyo
sutiyono365,boijos_koplak
sutiyono365,SulisPrasetyo15
sutiyono365,Digitalogi
sutiyono365,ALiesnasari
sutiyono365,IndraKlobot
sutiyono365,TVTempoChannel
sutiyono365,Nurhi_Tempo
sutiyono365,AlfanNoFear
sutiyono365,MamaPapaMengaji
sutiyono365,Muhamad71034044
sutiyono365,dennis_matanari
sutiyono365,Dadang42144368
sutiyono365,NenniHimawan18
sutiyono365,ilham_prana
sutiyono365,rahmat1621
sutiyono365,ArianPutra19
sutiyono365,sunanto_aji
sutiyono365,3Gshops
sutiyono365,FillanSamosir
sutiyono365,lulu16889
sutiyono365,budinyo
sutiyono365,FitriaRiza3
sutiyono365,dwi_cahya36
sutiyono365,solusihidup99
sutiyono365,anton__kusuma
sutiyono365,zamroniadrya
sutiyono365,wow_mizan
sutiyono365,saryantodwi
sutiyono365,JTecoalu
sutiyono365,adiwernacity
sutiyono365,fatchurrahmanfi
sutiyono365,IrsadN
sutiyono365,SomadSe
sutiyono365,_atemza
sutiyono365,Kecerdasananak
sutiyono365,HPSudi
sutiyono365,yulianalie0890
sutiyono365,anikaduhay123
sutiyono365,ulani_yunus
sutiyono365,DuaSisiSando
sutiyono365,didipdiandra
sutiyono365,NITA_Sweetest
sutiyono365,FebrianFariss
sutiyono365,shofyaisha
sutiyono365,WisataLaundry
sutiyono365,athyadi
sutiyono365,iltecpalembang
sutiyono365,AstutiGirah
sutiyono365,infoahmadfauzi
sutiyono365,inodPLATN_87
sutiyono365,Mbintahyat
sutiyono365,Muh_Arman01
sutiyono365,julia_yelly
sutiyono365,siahaan_johan
sutiyono365,SThotowijoyo
sutiyono365,GlitterID
sutiyono365,alireyza
sutiyono365,agus_supri_anto
sutiyono365,NRASHARRI
sutiyono365,nanang_riyanto
sutiyono365,deonsaburai
sutiyono365,DNofiandre
sutiyono365,B1HSM
sutiyono365,b83696394aa745a
sutiyono365,RAJA_ANGKUT
sutiyono365,Aliasidik3
sutiyono365,ungproperti
sutiyono365,hc_herrychang
sutiyono365,NurhidayahPasha
sutiyono365,lulukcrb
sutiyono365,aditpendaki
sutiyono365,rauf_has
sutiyono365,NayakaNr
sutiyono365,MauDanaCepat
sutiyono365,ArtaKrisna
sutiyono365,74309fb681a143b
sutiyono365,artawan001
sutiyono365,Starayamin
sutiyono365,sudarmaputra10
sutiyono365,nurizkymaulana1
sutiyono365,atmogoold88
sutiyono365,andri_pizz
sutiyono365,didisingapraj4
sutiyono365,Armansyah94
sutiyono365,TungDW
sutiyono365,CityIrvan
pwk_tourism,ThinkTraveling
pwk_tourism,BayView_Bali
pwk_tourism,StayCubeCapsule
pwk_tourism,admountaintreks
pwk_tourism,SamaneaResort
pwk_tourism,yaanaventures
pwk_tourism,c1nta_dama1
pwk_tourism,muhamadwildan91
pwk_tourism,LiannaTenny
pwk_tourism,iansopyan744
pwk_tourism,adjeunghasanah
pwk_tourism,adigitalpromo
pwk_tourism,rajawali_009
pwk_tourism,vietnam_amazing
pwk_tourism,asiatravelroute
pwk_tourism,transfer2016
pwk_tourism,_MonsterTravel
pwk_tourism,jasminenash1421
pwk_tourism,GoGrand
pwk_tourism,quanmya
pwk_tourism,alanedmunds7171
pwk_tourism,papanona
pwk_tourism,Alam_Citumang
pwk_tourism,rsaumroh
pwk_tourism,didiet_dia
pwk_tourism,skybizengine
pwk_tourism,RanNeverending
pwk_tourism,CaraHoffius
pwk_tourism,BrunoMerzy
pwk_tourism,ramadhanhanhan
pwk_tourism,RentalBimasakti
pwk_tourism,Bud8988
pwk_tourism,owennewman2411
pwk_tourism,lovesmartanne02
pwk_tourism,iheartbeachdays
pwk_tourism,tulip_rak
pwk_tourism,euro_top10
pwk_tourism,TheShellsresort
pwk_tourism,ArtinaEstar
pwk_tourism,garudaabadi
pwk_tourism,anwarmt_tour
pwk_tourism,robinmeadtravel
pwk_tourism,BBTFIndonesia
pwk_tourism,KKesod
pwk_tourism,lombokauthentic
pwk_tourism,17454813f5d8479
pwk_tourism,CaravelleSaigon
pwk_tourism,obattinggibdn
pwk_tourism,itcured2004
pwk_tourism,almarjantour
pwk_tourism,m_zholiday
pwk_tourism,cecepkomara8
tasmania_gal,Hg0LfYh90RiiTfA
tasmania_gal,almaz581
tasmania_gal,Madina_Homework
tasmania_gal,fancor2014
tasmania_gal,RomanAlexanderj
tasmania_gal,marianabirkina
tasmania_gal,YakAdvTravel
tasmania_gal,caserta62
tasmania_gal,ZimaikovVlad
tasmania_gal,otdyhonline
tasmania_gal,estamesto
tasmania_gal,ObnimayuPlanetu
tasmania_gal,noosablueresort
tasmania_gal,odleyHosk
tasmania_gal,allshatilo
tasmania_gal,kotyka1
tasmania_gal,xelobixytaj
tasmania_gal,naryjagoly
tasmania_gal,OceanOmegas
tasmania_gal,tarucubyg
tasmania_gal,valevalia
tasmania_gal,rujoxapirig
tasmania_gal,lyhotuxypy
tasmania_gal,nyssa_bo
tasmania_gal,BlakeAdele
tasmania_gal,Rafa_7b
tasmania_gal,mySamoLit
tasmania_gal,fosixyhug
tasmania_gal,xubemijo
tasmania_gal,mamatanya1
tasmania_gal,AlleyaT
tasmania_gal,mylifehackru
tasmania_gal,msusel1
tasmania_gal,HobartFC
tasmania_gal,Metaphizik
tasmania_gal,ThakurRoma
tasmania_gal,MathersRemovals
tasmania_gal,musthv
tasmania_gal,podarki_apollon
tasmania_gal,andreboriscov
tasmania_gal,satananorexia
tasmania_gal,AlexeyKataev
tasmania_gal,nokynka_com
tasmania_gal,ShakitaX7987
tasmania_gal,a_antonenko
tasmania_gal,brasleti
tasmania_gal,Tassywebdesigns
tasmania_gal,FINISH_HOMES
tasmania_gal,Mirador_Travel
tasmania_gal,gulya_krok
tasmania_gal,coolbraza
tasmania_gal,NicePlaces
tasmania_gal,sha3zio9
tasmania_gal,MaxHostRu
tasmania_gal,viktor36
tasmania_gal,ViolaWeb
tasmania_gal,Igrushka24_ru
tasmania_gal,dsvaliya
tasmania_gal,helga_sword
tasmania_gal,Andrei_on_twitt
tasmania_gal,Kovalenko_maria
tasmania_gal,alekssblog
tasmania_gal,IraBorisova
tasmania_gal,ASkopenko
tasmania_gal,internet_dohod
tasmania_gal,alina_romanova
tasmania_gal,newpeople_info
tasmania_gal,sergeygrin
tasmania_gal,sofisana
tasmania_gal,naivno_com
tasmania_gal,sumki_sumki
tasmania_gal,bumerangi
tasmania_gal,IMHOtourist
tasmania_gal,Im_Valentine
tasmania_gal,tankard39
tasmania_gal,l_vo_ru
tasmania_gal,Onegai_
tasmania_gal,Samaya_Schastli
tasmania_gal,taxuskula
tasmania_gal,WorldCulture
tasmania_gal,maximillian01
tasmania_gal,Edvvard1
tasmania_gal,sander68
tasmania_gal,alexevstegneev
tasmania_gal,Raulinion
tasmania_gal,smeshno7
tasmania_gal,joNnykss
tasmania_gal,Serg_Kolonia
tasmania_gal,tursovetnik
tasmania_gal,Gorod_Talantov
tasmania_gal,uspel
tasmania_gal,poteryaev
tasmania_gal,lenasolar
tasmania_gal,biketravel07
tasmania_gal,BestSeaWolf
tasmania_gal,Bimerman
tasmania_gal,woman_words
tasmania_gal,Kaverin_info
tasmania_gal,ivan_prokhorov
tasmania_gal,Vytvorec
tasmania_gal,elihynow
tasmania_gal,vsegda_veselo
tasmania_gal,happyoflife
tasmania_gal,AndriyKoval
tasmania_gal,IamViktory
tasmania_gal,Yavampishu
tasmania_gal,lady21vek
tasmania_gal,5baksov
tasmania_gal,ryfrankiegq
tasmania_gal,molodka
tasmania_gal,fjstephonmb5
tasmania_gal,kreminski
tasmania_gal,BESTMODA
tasmania_gal,TripPlanRu
tasmania_gal,nov_lit
tasmania_gal,sidash_dmitriy
tasmania_gal,krasotak
tasmania_gal,oleggeo
tasmania_gal,Autoexp
tasmania_gal,goincz
tasmania_gal,SlowJamzB
tasmania_gal,glamyrblond
tasmania_gal,vladlihenko
tasmania_gal,okozor
tasmania_gal,Books_4all
tasmania_gal,ZamiraIdrisova
tasmania_gal,Gwasileus
Bergeron12Tina,nft_wayin
Bergeron12Tina,hindiberliian
Bergeron12Tina,Febrianthangkas
Bergeron12Tina,vonnykwee
Bergeron12Tina,ameks_ngurah
Bergeron12Tina,DodoAchmad
Bergeron12Tina,kyo_itu_niel
Bergeron12Tina,lussiles789
Bergeron12Tina,PutuSuastra
Bergeron12Tina,noncenonce
Bergeron12Tina,DRyanRieux
Bergeron12Tina,koko_tri
Bergeron12Tina,davemamangkey
Bergeron12Tina,IpritCom
AlaaDuhaiby,Farah42010986
AlaaDuhaiby,Nazt79804
AlaaDuhaiby,NitaqTechnology
AlaaDuhaiby,MurjanMunther
AlaaDuhaiby,gerard4781
AlaaDuhaiby,DahabeAhmad
AlaaDuhaiby,GhoshehDima
AlaaDuhaiby,Kamilia20307993
AlaaDuhaiby,PtPk5q3J8WiyyHP
AlaaDuhaiby,nahid_sadek
AlaaDuhaiby,AhmedKa07023602
AlaaDuhaiby,redaabdelzahr1
AlaaDuhaiby,adnahmed1
AlaaDuhaiby,computerje_78
AlaaDuhaiby,SamarDhaiby
AlaaDuhaiby,mohammedbafaqeh
AlaaDuhaiby,LangedijkA
AlaaDuhaiby,RahafAlaish
AlaaDuhaiby,waseema38898369
AlaaDuhaiby,CyberlineMedia
AlaaDuhaiby,alsalem2_hason
AlaaDuhaiby,Sarahaziz94
AlaaDuhaiby,IAN_AuthorPromo
AlaaDuhaiby,abuwaleed_alosa
AlaaDuhaiby,Morooj_Area
AlaaDuhaiby,Almrooj_Riyadh
AlaaDuhaiby,AmaniJaam
AlaaDuhaiby,aliharon
AlaaDuhaiby,PowisNow
AlaaDuhaiby,CristianoIslam3
AlaaDuhaiby,greeneferrero
AlaaDuhaiby,attas2000
AlaaDuhaiby,IdeasAndAction
AlaaDuhaiby,TrophiesGifts
AlaaDuhaiby,howdoesWAwork
AlaaDuhaiby,azeza_azezh
AlaaDuhaiby,ahmedsa04649091
AlaaDuhaiby,DrKousouli
AlaaDuhaiby,SaudiTropical
AlaaDuhaiby,DMediae9
AlaaDuhaiby,pUaTHg39Hsd56ju
AlaaDuhaiby,awlia_wael
AlaaDuhaiby,LadyTerezie
AlaaDuhaiby,CTYANNES
AlaaDuhaiby,WardPlunet
AlaaDuhaiby,moaz126456m
AlaaDuhaiby,HelloSolaborate
AlaaDuhaiby,WippleH
AlaaDuhaiby,vickyademosu
AlaaDuhaiby,Adv2011Sabir
AlaaDuhaiby,Ahmad__Hamad
AlaaDuhaiby,_InspireAlways_
AlaaDuhaiby,StartupUKEvents
AlaaDuhaiby,sahargash59
AlaaDuhaiby,asmcdonald19
AlaaDuhaiby,knowhowleaders
AlaaDuhaiby,khreisat_mk
AlaaDuhaiby,awlia12345
AlaaDuhaiby,aliareda88
AlaaDuhaiby,KellerMediaInc
AlaaDuhaiby,Olaf_armando
AlaaDuhaiby,EF_FOUNDATION11
AlaaDuhaiby,InterProjectsCo
AlaaDuhaiby,heeeeem678
AlaaDuhaiby,BassamAOF
AlaaDuhaiby,cap0omar
AlaaDuhaiby,ayazkhalil84
AlaaDuhaiby,Flowers123Fruit
AlaaDuhaiby,abdellarifelsa2
AlaaDuhaiby,ekhlas_meeralam
AlaaDuhaiby,ealdabbagh
AlaaDuhaiby,rhicbri
AlaaDuhaiby,fhood_809
AlaaDuhaiby,minea1481978
AlaaDuhaiby,St0ck_Spotlight
AlaaDuhaiby,SimpleLifePub
AlaaDuhaiby,Roedolf9
AlaaDuhaiby,gsoufi
AlaaDuhaiby,ShivaniBhagi
AlaaDuhaiby,dora_1459
AlaaDuhaiby,Crowd_Trading
AlaaDuhaiby,Economysecrets
AlaaDuhaiby,markitgirlz
AlaaDuhaiby,nnnnnnnnnmmmm1
AlaaDuhaiby,Leo2012A
AlaaDuhaiby,bookster_ca
AlaaDuhaiby,berichforever
AlaaDuhaiby,JoshDaspit
AlaaDuhaiby,danielthrelfall
AlaaDuhaiby,LeadersBest
AlaaDuhaiby,reader_bibloman
AlaaDuhaiby,SkipPrichard
AlaaDuhaiby,DailyNetBlog
AlaaDuhaiby,writerspotlight
AlaaDuhaiby,LarryGMaguire
AlaaDuhaiby,after_success
AlaaDuhaiby,kellyclayton01
AlaaDuhaiby,alyshakaye7
AlaaDuhaiby,yondertribe
AlaaDuhaiby,DaysOfTheChic
AlaaDuhaiby,PenThereTeam1
AlaaDuhaiby,Author_D_Allen
AlaaDuhaiby,Goodkindles
AlaaDuhaiby,Apple_B_Media
AlaaDuhaiby,CalumetEditions
AlaaDuhaiby,uustetif
AlaaDuhaiby,edavtian777
AlaaDuhaiby,adelsoil
AlaaDuhaiby,BrandyMarieJ
AlaaDuhaiby,GMRathbun
AlaaDuhaiby,lukedgray
AlaaDuhaiby,abraar_66
AlaaDuhaiby,SquiresTim
AlaaDuhaiby,ShahAinul
AlaaDuhaiby,KesterAwani
AlaaDuhaiby,JameelaHuq
AlaaDuhaiby,san_noka
AlaaDuhaiby,yourpropertypal
AlaaDuhaiby,amubarak8
AlaaDuhaiby,AineBelton
AlaaDuhaiby,Mahmoud31240254
AlaaDuhaiby,talentdynamics
AlaaDuhaiby,9130_966
AlaaDuhaiby,Lifecoach011
AlaaDuhaiby,xsal012
AlaaDuhaiby,BestLifeGlobal_
AlaaDuhaiby,rlnorrington
AlaaDuhaiby,RyadahSa
AlaaDuhaiby,IncredibleTwee
AlaaDuhaiby,DailyPrayerLife
AlaaDuhaiby,kingtrepreneur
AlaaDuhaiby,startupverve
AlaaDuhaiby,mmshafi1970
AlaaDuhaiby,BenKlimok
AlaaDuhaiby,H1364Hussein
AlaaDuhaiby,dianaor15
AlaaDuhaiby,426e4d395f3043e
AlaaDuhaiby,rayan_alayesh
AlaaDuhaiby,MayokunIlo
AlaaDuhaiby,SiriouslySusan
AlaaDuhaiby,RoseMCosta72
AlaaDuhaiby,Loyalty360
AlaaDuhaiby,RealJayAbraham
AlaaDuhaiby,WorkOnlineGuide
AlaaDuhaiby,mh11r22
AlaaDuhaiby,asdza1414
AlaaDuhaiby,ElevatingBeyond
AlaaDuhaiby,masharykhayyat
AlaaDuhaiby,TheLady51082169
AlaaDuhaiby,Madhurina
AlaaDuhaiby,langedijk_amina
AlaaDuhaiby,Abdulsalaam87
AlaaDuhaiby,WealthyMorons
AlaaDuhaiby,WealthyGorilla
AlaaDuhaiby,StevenStowell
AlaaDuhaiby,camhartraining
AlaaDuhaiby,LifeProTipsLPT
AlaaDuhaiby,RMCostaWritings
AlaaDuhaiby,TeesArab
AlaaDuhaiby,Sunni_Silver
AlaaDuhaiby,elearnindustry
AlaaDuhaiby,Timothy_Hughes
AlaaDuhaiby,SociativeGrowth
AlaaDuhaiby,SuperLNDN
AlaaDuhaiby,KevinBergGrell
AlaaDuhaiby,dladdfm
AlaaDuhaiby,YourPeakState
AlaaDuhaiby,NaqviSaiyed
AlaaDuhaiby,EmpIntelligence
AlaaDuhaiby,GrowMap
AlaaDuhaiby,socialwebcafe
AlaaDuhaiby,realtoryvr
AlaaDuhaiby,MoO_Emad
AlaaDuhaiby,gooodnutrition
AlaaDuhaiby,DreamLiveGrow
AlaaDuhaiby,hughballou
AlaaDuhaiby,amyrandolph1313
AlaaDuhaiby,MustaphaAlattas
AlaaDuhaiby,babcooking
AlaaDuhaiby,rayanqutub
AlaaDuhaiby,A_Ahmetoglu
AlaaDuhaiby,RictoGraphs
AlaaDuhaiby,seemo_z
AlaaDuhaiby,AlmalkiSarah
AlaaDuhaiby,RumiQuuote
AlaaDuhaiby,999b18b13e1b4ff
AlaaDuhaiby,djdoug
AlaaDuhaiby,InspireAndFun
AlaaDuhaiby,Relsci
AlaaDuhaiby,ErikJohnsonMKTG
AlaaDuhaiby,abdulla_446
AlaaDuhaiby,freedom_mindset
AlaaDuhaiby,Iam0ptimistic
AlaaDuhaiby,square1leasing
AlaaDuhaiby,Thinking4Good
AlaaDuhaiby,Jutt504
AlaaDuhaiby,Compete4Good
AlaaDuhaiby,kem011
AlaaDuhaiby,ChrisPDyer
AlaaDuhaiby,alison_parr
ellenladies,elisabetmeyzinu
ellenladies,sangperantau92
ellenladies,zie_za
ellenladies,hanfrysilooy
ellenladies,ian_shucenk
ellenladies,anadirniati
ellenladies,astria_nugraha
ellenladies,chatung
ellenladies,bhocun
ellenladies,mithastefany
ellenladies,CiyeeNiken
ellenladies,ArisWidodo3425
ellenladies,anniebukang
ellenladies,Octavani
ellenladies,lia_nichola
ellenladies,donavfa
ellenladies,Meiyhsnoop
ellenladies,anastasiaANS
ellenladies,ChrisitianK
ellenladies,adrianasimoran1
ellenladies,PSMUKRIDA
ellenladies,Destatyanto
ellenladies,anisyahfebriya1
ellenladies,meila316
ellenladies,adimasaputro
ellenladies,filadelvia
ellenladies,JesieJe
ellenladies,Ora_Handen
ellenladies,asthyn_duma
ellenladies,Stiefhani
ellenladies,yosefina91
ellenladies,trech_L
ellenladies,Asnawi31
ellenladies,rizmei_13
ellenladies,FergieMTRambu
ellenladies,metarmrp
ellenladies,Wilkur13
ellenladies,reniinangele
ellenladies,nishabouns
ellenladies,tiaranugraeni
ellenladies,NoviaPurba1
ellenladies,varlyevictor
ellenladies,januardirvan
ellenladies,yohanesadhii
ellenladies,psycrich
ellenladies,niasuddin
ellenladies,adriennclaresta
ellenladies,yunnanita
ellenladies,florendflo
ellenladies,PtrKenzo
ellenladies,yuthauladan
ellenladies,MitaMatatula
ellenladies,evinksusan
ellenladies,calista_sakura
ellenladies,ica_ompusunggu
ellenladies,IntanPardosi
ellenladies,NaM69bILaN
ellenladies,fanny__octavia
ellenladies,EllaEboth
ellenladies,dellanabila
ellenladies,iPhonemelvon
ellenladies,tety_hana
ellenladies,Delianioka
ellenladies,septadul
ellenladies,willdauly
ellenladies,AlodiaGiano
ellenladies,toganajunisar
ellenladies,steff_starry
ellenladies,karinanastasia
ellenladies,nceep_fahrudin
ellenladies,edwindadr
ellenladies,SelbyNasir
ellenladies,JjeJesiE
ellenladies,Stefanus241187
ellenladies,Diazkeroro
ellenladies,ambu_yety26
ellenladies,ranyrachman
ellenladies,siskasinagaaaaa
ellenladies,ErikVeronika
ellenladies,KathyAgustia
ellenladies,deasylusi
ellenladies,Heslie
ellenladies,geetaryztha
ellenladies,jejelriri
ellenladies,tantrisidabutar
ellenladies,gregetanich
ellenladies,lizayulianii
ellenladies,indahfafajria
ellenladies,birghithachel
ellenladies,bhebyfai
ellenladies,__Maharani
ellenladies,ayuesaputra
ellenladies,sn_aini
ellenladies,EisforEby
ellenladies,aangangga
ellenladies,thiorice
ellenladies,omahceritaku
ellenladies,bonnypabetting
ellenladies,crazy_v0id
ellenladies,samlomban
ellenladies,sellinasandra
ellenladies,darmayantiida
ellenladies,cahyoprasetyoR
ellenladies,ilhamhamdani12
ellenladies,Raniaissance
ellenladies,Rema_2309
ellenladies,SherlyJC
ellenladies,umbu_praing
ellenladies,rere_reinhard
ellenladies,luthfipradityo
ellenladies,RenggaLeksana
ellenladies,elseraRafi
ellenladies,valendiandala
ellenladies,kaifaningsih
ellenladies,damndamnsik
ellenladies,astrisuhrynti
ellenladies,Chintia150406
ellenladies,letisiabella
ellenladies,stellameliaa
ellenladies,PUSAKA_UKRIDA
ellenladies,agustinaasty
ellenladies,lydilydia
ellenladies,KaniaLarasati
ellenladies,Dee_bong
ellenladies,bliwayan1
ellenladies,amiliakirei
ellenladies,mariaakristina
ellenladies,eclat_veranda
ellenladies,HaTeWe
ellenladies,garryariesta
ellenladies,_wdhaq
ellenladies,siang_han
ellenladies,rifaldi1115
ellenladies,meisiani
ellenladies,maimaie_oi
gembur27,MarthaMagdale11
gembur27,tlitaay
gembur27,davidsaputra101
gembur27,sandyacara
gembur27,wishanggoro
gembur27,iwgmarka
gembur27,SherlyThesave
gembur27,raiutama
gembur27,fhdns1128
gembur27,AnikYuestiDA
gembur27,IrwanEf6
gembur27,WhiteeagleP
gembur27,OpanMontir
gembur27,BudiKasmanto
gembur27,KelseyWalkerSO
gembur27,denypanjaitan2
gembur27,gkn_mrpi
gembur27,erwinpulungduma
gembur27,EkaSimanjuntak4
gembur27,estykawaty
gembur27,Pasaneri57
gembur27,SasongkoAdiyon1
gembur27,priska_ka
gembur27,FajarMolly
gembur27,riocakep
gembur27,shandy_prastya
gembur27,tieksoe
gembur27,byhaqiwahyu92
gembur27,aamoks
gembur27,noviana2110
gembur27,sulistyanto_edy
gembur27,stepynuz
gembur27,ManDurya
WicoHartantri,JamesAl09839542
WicoHartantri,sandikurnia76
WicoHartantri,rima_mustafa
WicoHartantri,abimethley
WicoHartantri,HealthHacks9
WicoHartantri,DankheKusuma
WicoHartantri,PhDForum
WicoHartantri,Mrafan4
WicoHartantri,Wells_GB
WicoHartantri,DrFRCarrick
WicoHartantri,marketerdudenz
WicoHartantri,TChanMD
WicoHartantri,healthcompart
WicoHartantri,danifirman
WicoHartantri,alexandralw2
WicoHartantri,policy_politics
WicoHartantri,SammKaranja
WicoHartantri,mynasipadang
WicoHartantri,this_bima
WicoHartantri,DrsDownUnder
WicoHartantri,HarvardMacy
WicoHartantri,AdiSuyadi12
WicoHartantri,shanitababy1
WicoHartantri,AtipongPath
WicoHartantri,DrEricGant
WicoHartantri,returner20
WicoHartantri,DrJoHowe
WicoHartantri,NottsRealism
WicoHartantri,RealismLeeds
WicoHartantri,DijkMilou
WicoHartantri,kevyharris
WicoHartantri,KEC83
WicoHartantri,aislingkerr9
WicoHartantri,_DrReenaDevi
WicoHartantri,IntanDewiPuspi4
WicoHartantri,VickyABooth
WicoHartantri,MohmedBadawi
WicoHartantri,dr_akrichmond
WicoHartantri,sigitsuryonosie
WicoHartantri,Nihisyam98
WicoHartantri,AgengSunjoyo
WicoHartantri,ana__manzano
WicoHartantri,naras_corner1
WicoHartantri,NaniTjatjo
WicoHartantri,SuhandokoAW
WicoHartantri,PK88_LPDP
WicoHartantri,sarahroemer78
WicoHartantri,DjimmyHPB
WicoHartantri,utimaimunah
WicoHartantri,Agel1234567
WicoHartantri,yanisadsmi82
WicoHartantri,emmentor
WicoHartantri,brigitaherlinda
WicoHartantri,herlan_erary
WicoHartantri,rnaths
WicoHartantri,erwin_ryandi
WicoHartantri,Furrizal
WicoHartantri,alifeyaputranto
WicoHartantri,anwarmu81996536
WicoHartantri,CnagaIrros
WicoHartantri,kusuma_can
WicoHartantri,eddy_wiyanto
WicoHartantri,andromedawc
WicoHartantri,cobatebak
WicoHartantri,pcpece
WicoHartantri,tian89_c
WicoHartantri,danieloctan
WicoHartantri,PropertyDKI
WicoHartantri,Hotcourses_ID
WicoHartantri,literaturptas
WicoHartantri,ester_cintya
WicoHartantri,handayanieka
WicoHartantri,sep_ss8
WicoHartantri,maria4jc
WicoHartantri,okyardian_s
WicoHartantri,Riry_rhiyy
WicoHartantri,berkamera
WicoHartantri,iCARE18082014
WicoHartantri,aninditahapsari
WicoHartantri,marry_fransiska
WicoHartantri,mercy_arizona
WicoHartantri,qqd_erki
WicoHartantri,irmawan_riza
WicoHartantri,MedisPerkantas
WicoHartantri,IgnatiusRbn
WicoHartantri,Jane_Gulo
WicoHartantri,ErieSudewoID
WicoHartantri,amidianti
WicoHartantri,iamsutha
WicoHartantri,andrelukass
WicoHartantri,tciinfo
WicoHartantri,FATismitek
WicoHartantri,gretagulo
WicoHartantri,arviprimardian
WicoHartantri,RufyKlangston
WicoHartantri,sashi_ok
WicoHartantri,IrineAtanasia
WicoHartantri,nurulsard
WicoHartantri,chaktii
WicoHartantri,diiankus
WicoHartantri,Eka_chaan
WicoHartantri,Novika_H
WicoHartantri,verneldo_5125
WicoHartantri,agness_yulita
WicoHartantri,amadeawinata
WicoHartantri,DiditSatmoko
WicoHartantri,bagustatwa
WicoHartantri,meirinamulia
WicoHartantri,KomangRini1
WicoHartantri,cardioasamd
WicoHartantri,ida_kurnia53
WicoHartantri,abhree
WicoHartantri,jurlimdirga
WicoHartantri,aji_darundriyoS
WicoHartantri,leegean527
WicoHartantri,ramabuzz
WicoHartantri,vignes11
WicoHartantri,munazzala
WicoHartantri,renovatjien_tha
WicoHartantri,fernandosatu
WicoHartantri,lo_thar
WicoHartantri,mayuduyam
WicoHartantri,rissito_chia
WicoHartantri,ejayuditama
WicoHartantri,ruthyanti
WicoHartantri,meidasofyAna
WicoHartantri,annisaacintya
WicoHartantri,Lsye_
WicoHartantri,NoeFadhlya
WicoHartantri,enggar_harjanti
WicoHartantri,Andirenata
WicoHartantri,Red_Argenteuil
WicoHartantri,donoramdoni
WicoHartantri,GaraKurniagara
WicoHartantri,diegoniti
WicoHartantri,kentandrewk
WicoHartantri,sisca_KC
WicoHartantri,_virandrabk
WicoHartantri,NeoYanYi
WicoHartantri,rahmandabayu
WicoHartantri,garypradhana
WicoHartantri,Ralepus
WicoHartantri,nismaulia
WicoHartantri,buill
WicoHartantri,feri_th
WicoHartantri,coachsolikhin
WicoHartantri,ade_dp
WicoHartantri,PradhanaFajar
WicoHartantri,Na_Heri
WicoHartantri,deepratiwi
WicoHartantri,weekend_PMKK_KG
WicoHartantri,kristiansw17
WicoHartantri,rewinanakkerinc
WicoHartantri,wilihandarwo
WicoHartantri,Prahesta_AW
WicoHartantri,ameliaadam
WicoHartantri,tiraalfianilaar
WicoHartantri,yuansapu
WicoHartantri,Rani_Kerinciani
WicoHartantri,shinta_wibawa
WicoHartantri,kangpanjiS
WicoHartantri,prillyastari
WicoHartantri,pd08fkugm
WicoHartantri,YogyaTweet
WicoHartantri,elda_putri
WicoHartantri,Reka_Samuel
WicoHartantri,vegapratiwi
WicoHartantri,acpu3
WicoHartantri,okyardian
WicoHartantri,agneszagoto
WicoHartantri,zakihorizon
WicoHartantri,PuputSiSiput
WicoHartantri,andini_jp
WicoHartantri,anakito
WicoHartantri,aputridev
WicoHartantri,eunicetlc
WicoHartantri,ben_doang
WicoHartantri,IndikaGladys
WicoHartantri,julianirwen
WicoHartantri,anesagnesyd
WicoHartantri,steph_dentz
WicoHartantri,praditamita
WicoHartantri,intan_jasmine26
WicoHartantri,Diana_Wang
WicoHartantri,dr_ratna
WicoHartantri,yanthicharolina
WicoHartantri,beatrixbeea
WicoHartantri,rizkyestuA
WicoHartantri,anggawirawan
radjah3003,evie58753265
radjah3003,alfyrapar1
radjah3003,dwipurnawati65
radjah3003,Hasanah49041881
radjah3003,cafe_delish
radjah3003,fikrinada7
radjah3003,Ika_djambuwer
radjah3003,IAryaningrum
radjah3003,cacafedriks
radjah3003,EstiLidwina
radjah3003,alfy_rapar
radjah3003,manafe_ellia
radjah3003,TheophilusSally
radjah3003,FithriAkusaja
radjah3003,ifangry92
radjah3003,kopong02
radjah3003,jayakonang1
radjah3003,rizalfati
radjah3003,NyomanSuwitra
radjah3003,HSyahrulBahrun
radjah3003,mpratiwi1987
radjah3003,AfionAgus
radjah3003,nickyparker95
radjah3003,nazwa_akbar
radjah3003,Bahrun16Syahrul
radjah3003,bahrun1606
radjah3003,wilhelmusmax
radjah3003,FC_GarisLucu
radjah3003,irwansitorus
radjah3003,aryobimmo
radjah3003,TampubolonDavid
radjah3003,Rhatnoleste93
radjah3003,GogorKing
radjah3003,widjaja_gunawan
radjah3003,situmorang1407
radjah3003,Elo_Komodo
radjah3003,Teto3003
radjah3003,sudin_sh
radjah3003,mr_jemo
radjah3003,DolorosaJohana
radjah3003,Blastinthepast8
radjah3003,bennysormin
radjah3003,carolchangcarol
victorsinuhaji,Sinuhaji75
victorsinuhaji,JoyChristin3
victorsinuhaji,SolichinBudi
victorsinuhaji,PeterNabut
victorsinuhaji,bang_mardi
victorsinuhaji,pdtjo10
victorsinuhaji,hopechannel
victorsinuhaji,Mich_Pry
victorsinuhaji,KayuPinus
jhandriadish,AchaJasonShaina
jhandriadish,Wauran_j
jhandriadish,penaqaffa
jhandriadish,KatiminRemon
jhandriadish,RobotBerny
jhandriadish,KalebRickson
jhandriadish,merciespardosi
jhandriadish,samuel_handy
jhandriadish,SantosoAbri
jhandriadish,VotingPresiden
jhandriadish,Sutan_siagian
jhandriadish,Rinto07334140
jhandriadish,dondar_jakarta
jhandriadish,SWWELYYIN
jhandriadish,mas_70117
jhandriadish,rmsoemampouw
jhandriadish,kabanga_hokgie
jhandriadish,KenSimorangkr
jhandriadish,SamElias09
jhandriadish,RobertBangngu
jhandriadish,LeunaMarthen
jhandriadish,AngkuwEagl
jhandriadish,LasutEric
jhandriadish,Barifin81
jhandriadish,evan_wija
jhandriadish,HopeForToday6
jhandriadish,TelkomCare
jhandriadish,Kantah_Jakbar
jhandriadish,peggywowor
jhandriadish,SolichinBudi
jhandriadish,AdvokatIdham
jhandriadish,StenlyKarwur
jhandriadish,Leddypa
jhandriadish,wharys35
jhandriadish,jtauran
jhandriadish,AweRexedo
jhandriadish,PeterNabut
jhandriadish,UdayVesya
jhandriadish,bartodibyo
jhandriadish,morphling81
jhandriadish,purwati646_yuni
jhandriadish,willyrompis
jhandriadish,Turino_Djunaedy
jhandriadish,17644ca0479e47b
jhandriadish,ferrypietersz
jhandriadish,Sale2126
jhandriadish,MarthenLeuna1
jhandriadish,PenderAhimaas
jhandriadish,gemini_73347
jhandriadish,rizal_boella
jhandriadish,Nitasumual
jhandriadish,RSopacua
jhandriadish,lizzylovespiano
jhandriadish,HutaurukSihol
jhandriadish,just_velma
jhandriadish,augustricky1
jhandriadish,anthoniuswidodo
jhandriadish,oktora_b
jhandriadish,fee_ristia
jhandriadish,romastaa
jhandriadish,litzoce
jhandriadish,Leonardmamentu
jhandriadish,Syacrush
jhandriadish,besenmaria
jhandriadish,PEPATAH_KataA
jhandriadish,edwinkrist
jhandriadish,roniepanambunan
joanseleky14,Henry99_MB
joanseleky14,vian_pae
iwansaputra,jayidoans
iwansaputra,dyahayu1903
iwansaputra,IrenneCS
iwansaputra,IpanNalo
iwansaputra,ChLuzita
iwansaputra,HasimKbm
iwansaputra,taufiqfurqonn
iwansaputra,PolmanSinaga10
iwansaputra,MitchNaibaho
iwansaputra,RidawatyH
iwansaputra,IwanSunda6
iwansaputra,WndaPutriDinata
iwansaputra,Vivi59012925
iwansaputra,febyt_wardhana
iwansaputra,property_gland
iwansaputra,MariaDjami
iwansaputra,retrihypermart
iwansaputra,NofriOeiFattah
iwansaputra,Manroe13503831
iwansaputra,KaniaPu49230881
iwansaputra,fitradoank009
iwansaputra,MaikeIrwan
iwansaputra,paulo_sniper
iwansaputra,TriAlexKuncoro2
iwansaputra,o30797679
iwansaputra,chrisnaakis2
iwansaputra,Setiawa37477284
iwansaputra,Nugieaje
iwansaputra,Nainggolan_Mark
iwansaputra,ManurungYulbrin
iwansaputra,Torbit_psb
iwansaputra,vera_ngantung91
iwansaputra,antonkonsultan
iwansaputra,vivipinot
iwansaputra,ivonidiego
iwansaputra,Adi56158363
iwansaputra,NEO5777
iwansaputra,Dahlan58571151
iwansaputra,Qhingrheii1
iwansaputra,mimpin_siahaan
iwansaputra,adith_soetanto
iwansaputra,stellaaasso
iwansaputra,hari_susanto7
iwansaputra,SinagaBerto
iwansaputra,ElisaSagala
iwansaputra,nining_mardiah
iwansaputra,ao053894
iwansaputra,jellyta12
iwansaputra,dhanira45916730
iwansaputra,candraerwadi
iwansaputra,kantorqu
iwansaputra,Rolando45912508
iwansaputra,hardoyono
iwansaputra,agusrusman21
iwansaputra,RexenPaoki
iwansaputra,debsimbig
iwansaputra,konfrenjawbarat
iwansaputra,rickyafdiany26
iwansaputra,ronnyrambi
iwansaputra,AdityaWijoyo
iwansaputra,anitamoal
iwansaputra,jannesaja
iwansaputra,sonnelunai
iwansaputra,Budypardd
iwansaputra,DarmaSyam
iwansaputra,sutarjoksmlrej4
iwansaputra,NakalSamsul
iwansaputra,akbar_m2m
iwansaputra,yanakasep702
iwansaputra,c2c0faaa13b7478
iwansaputra,jeansgrosir
iwansaputra,revcloth
iwansaputra,PusungWilmart
iwansaputra,bang_mardi
iwansaputra,VitaminBelajar
iwansaputra,lerson_hutagaol
iwansaputra,bonaagultom
iwansaputra,341721d72340403
iwansaputra,e4073d63be0b437
iwansaputra,philipsmarx
iwansaputra,marpaung503
iwansaputra,TokoRunners
iwansaputra,devypos
iwansaputra,ImanHS28
iwansaputra,hartanto_ely
iwansaputra,juan176
iwansaputra,kimmyony
iwansaputra,roniepanambunan
iwansaputra,iqmanpru
iwansaputra,jos3andhika
iwansaputra,HendroPranto
iwansaputra,barends2
iwansaputra,9ad950f04bd54f1
iwansaputra,dewskjb
iwansaputra,ManullangJoshua
iwansaputra,ApotekHerbaku
iwansaputra,47546e66df6a4e5
iwansaputra,Gegessssssss_
iwansaputra,davidkamagi
iwansaputra,rchlmy
iwansaputra,BrahmaSDA
iwansaputra,GDewadi
iwansaputra,PenderAhimaas
iwansaputra,mikhasatria
iwansaputra,joucehabeahan
iwansaputra,ChindyMaria86
iwansaputra,dahinisiapayaaa
iwansaputra,AndreasGromiko
iwansaputra,pendaftarSTAN
iwansaputra,penulisprocom
iwansaputra,sidomuktikerry
iwansaputra,Keytuji
iwansaputra,Ignesyuliantii
iwansaputra,ashariichigatsu
iwansaputra,stjakrapawira
iwansaputra,Yatiart
iwansaputra,13_hareva
iwansaputra,herlinawatinab4
iwansaputra,Zamharil356
iwansaputra,123geger1
iwansaputra,c9f4a99efde24f0
iwansaputra,41e68c498a6841e
iwansaputra,indo__store
iwansaputra,PdtRimon
iwansaputra,estomkur_solo
iwansaputra,Traysihombing
iwansaputra,Frischanovita
iwansaputra,eLvinaSimbolonn
iwansaputra,JosuaTambunan
iwansaputra,dicksonsikalit
iwansaputra,NickoChristover
iwansaputra,RenttaSyeruly
iwansaputra,FelixFJL
iwansaputra,JordanDs_14
iwansaputra,jamesdoola
iwansaputra,hutabaratsaul
iwansaputra,BTelienoni
iwansaputra,agri_ginting
iwansaputra,lamsria
iwansaputra,ParamithaEllsye
iwansaputra,JoAvaya
iwansaputra,jeluap
iwansaputra,firmansyah_dody
iwansaputra,RSAdventBandung
iwansaputra,definityclothes
iwansaputra,Ria_Adjhie
iwansaputra,hikiagerald
iwansaputra,SinuratWinda
iwansaputra,nilamsimbolon
iwansaputra,SeftianiRifka
iwansaputra,YYancan
iwansaputra,NityaManullang1
iwansaputra,SaraswatiSelly
iwansaputra,patuarian
iwansaputra,obeneuphoria
iwansaputra,LTSpakpahan
iwansaputra,olynneee
iwansaputra,mariaaliem
iwansaputra,yusufsaido
iwansaputra,dezgraziano
iwansaputra,sayapindo
iwansaputra,Feljoebond
iwansaputra,robertpolii80
iwansaputra,IconPanjaitan
iwansaputra,Kentlangitann
iwansaputra,BipBep
iwansaputra,ElleDeetha
iwansaputra,IwiddWiwid
iwansaputra,dewich1234
iwansaputra,LarryGultom
iwansaputra,santoslilik
iwansaputra,nataliadaodouji
iwansaputra,Degunmtoop
iwansaputra,ebbwokireina
iwansaputra,LauraTigristy
iwansaputra,Jumcayangiwank
iwansaputra,lisnaanggrayeni
iwansaputra,tyudy10
iwansaputra,drick_11
iwansaputra,AajaaHh
iwansaputra,YansenVic
iwansaputra,MasbroYosh
iwansaputra,DavitsSaputrra
iwansaputra,AnisaDevgan
iwansaputra,PAGbdg
iwansaputra,hardyringO2
iwansaputra,vannsand
iwansaputra,AcklyAcklyag
iwansaputra,princess_reva
iwansaputra,EllenBangun
iwansaputra,kezia_shinta
iwansaputra,lidiafitri31
iwansaputra,ndoluaman
iwansaputra,agenkkuswadi
iwansaputra,ImabOrg
iwansaputra,PujiAstutikid
iwansaputra,inggriedUrAngel
iwansaputra,adek_adek
iwansaputra,ocitika
iwansaputra,athah24
iandehaan09,ayoenila
iandehaan09,AnieNoorani
iandehaan09,VonyBudiman
iandehaan09,Faza13575
iandehaan09,CecepJM75
iandehaan09,papskipapsk1
iandehaan09,JunedJunedkoto
iandehaan09,Alviandro2
iandehaan09,dehaanroy
iandehaan09,SomebodyElse_D
iandehaan09,Agabus34402256
iandehaan09,11Tee_Guhh
iandehaan09,Agusrts1
iandehaan09,sophi_lie
iandehaan09,novieardeanne
iandehaan09,littledeli_bali
iandehaan09,arya_bali25
iandehaan09,SantaAlit
iandehaan09,0x1Lcky
iandehaan09,papi_dey
iandehaan09,rivolza46
iandehaan09,lilikflamboyan
iandehaan09,kadekrediarta
iandehaan09,nafitransbali
iandehaan09,humbelinaduarte
iandehaan09,sarisutama
iandehaan09,Patrici56201966
iandehaan09,pargitadexdu
iandehaan09,nonny_dehaan
hgtasdddllll,AutismDirectory
hgtasdddllll,RDTYN
hgtasdddllll,Zennsuci
hgtasdddllll,RizalMawardi
hgtasdddllll,Iqbal6Muhammad
hgtasdddllll,Cikhating
hgtasdddllll,ellainong
hgtasdddllll,K4suHir4
hgtasdddllll,hendra_budiawan
hgtasdddllll,fachrianha
hgtasdddllll,ndiii_bolang
hgtasdddllll,CemeWew02
hgtasdddllll,Nur_hidayat26
hgtasdddllll,vivi_wijayantii
hgtasdddllll,AffidinaCYunus
hgtasdddllll,cindy_zalfa
hgtasdddllll,pria_perkasa69
hgtasdddllll,IrHamster58
hgtasdddllll,Rizki_TwiBi
hgtasdddllll,VhyViie1
hgtasdddllll,89899997
hgtasdddllll,Hilmiatunnapisa
hgtasdddllll,AureliaJenifer
hgtasdddllll,be_dengkudengg
hgtasdddllll,arief_sacret
hgtasdddllll,hrddivision
hgtasdddllll,jogjakosmetik
hgtasdddllll,chyntianuraini
hgtasdddllll,bang_opank
hgtasdddllll,hendr_am
hgtasdddllll,victor_raditya
hgtasdddllll,AnggaPI
hgtasdddllll,arifpanto007
hgtasdddllll,winnyhelena
hgtasdddllll,liaoozz
hgtasdddllll,andrianuswm
hgtasdddllll,a_barie87
hgtasdddllll,mala_moly
hgtasdddllll,RenzPuspita
hgtasdddllll,n1ckt0n
hgtasdddllll,antonrius
hgtasdddllll,FTauvan
hgtasdddllll,trisna_hadi
hgtasdddllll,angie_sopacua
hgtasdddllll,EllaEboth
hgtasdddllll,JHoNy_DseVenS
hgtasdddllll,arivikaa
hgtasdddllll,nVLogic
hgtasdddllll,tiositohang
hgtasdddllll,tweetfyd
hgtasdddllll,Psychology24x7
hgtasdddllll,Raniaissance
hgtasdddllll,JollyGirsang
hgtasdddllll,rini_chintya
hgtasdddllll,amelia_90
hgtasdddllll,daniel6irs
hgtasdddllll,silalahilala
hgtasdddllll,SiholeLince
hgtasdddllll,chriestie
hgtasdddllll,roi_man
hgtasdddllll,MDaudSyah
hgtasdddllll,rimbunjob
hgtasdddllll,shantarantulla
hgtasdddllll,sallyhalim
hgtasdddllll,putrypasaribu
hgtasdddllll,affidina
hgtasdddllll,liddliddd
hgtasdddllll,lincesihole
hgtasdddllll,bhocun
hgtasdddllll,julfriumbrell
hgtasdddllll,yuyunica
hgtasdddllll,stefani_wolin
hgtasdddllll,FrieskaS
hgtasdddllll,HanaFatmawaty
hgtasdddllll,ardhy_wiranata1
hgtasdddllll,Ayu_kuntiblues
hgtasdddllll,Fery_Sugiokto
hgtasdddllll,hitsinfo_9577
hgtasdddllll,PsikologiUKRIDA
hgtasdddllll,dhewiewie
hgtasdddllll,lyani_purple
eddy_wiyanto,PKBPII
eddy_wiyanto,SINOSUKE2
eddy_wiyanto,frodi_tandi
eddy_wiyanto,shanny_lim50
eddy_wiyanto,UMAR_NAYA
eddy_wiyanto,saragih_hoga
eddy_wiyanto,NadyaQuinta
eddy_wiyanto,kalvin_ondja
eddy_wiyanto,steefaanuus
eddy_wiyanto,kiyoshisg
eddy_wiyanto,stellaalgiantii
eddy_wiyanto,chellwar
eddy_wiyanto,steff_starry
eddy_wiyanto,UkridaNL
eddy_wiyanto,SiscaBennington
eddy_wiyanto,lince_bright_6
eddy_wiyanto,julitanggrek
piterpanjaitan,mitungmita
piterpanjaitan,yesharino
piterpanjaitan,suwandifamily
piterpanjaitan,RenuBakshi
piterpanjaitan,Handoko_Senoo
piterpanjaitan,brittlake
piterpanjaitan,SandrinadaCruz
piterpanjaitan,FarahWazeer
piterpanjaitan,Tripedia_com
piterpanjaitan,holmansiregar
piterpanjaitan,Turtle55095518
piterpanjaitan,DeboraNamah2
piterpanjaitan,Timo2day
piterpanjaitan,Gurupra50025297
piterpanjaitan,PanjaitanNara
piterpanjaitan,dadneedssleep
piterpanjaitan,termos44
piterpanjaitan,GUlive
piterpanjaitan,CorayaAhmad
piterpanjaitan,AnasHus58172380
piterpanjaitan,richardfsc
piterpanjaitan,shyamgu70088409
piterpanjaitan,GojiGranolaBar
piterpanjaitan,7edf4ced03774e3
piterpanjaitan,putubudiarta9
piterpanjaitan,gratianaelis
piterpanjaitan,kaha_samuel
piterpanjaitan,publiksosial1
piterpanjaitan,Budibatbat
piterpanjaitan,steph_gillon
piterpanjaitan,NigeC3F
piterpanjaitan,angr27
piterpanjaitan,RachaelD_
piterpanjaitan,pangonancoffee
piterpanjaitan,966bdabdf675494
piterpanjaitan,widhi_suyadnya
piterpanjaitan,LynneTarrant
piterpanjaitan,davidhorn5555
piterpanjaitan,suardana07
piterpanjaitan,UtamaSabar
piterpanjaitan,frogsinphuket
piterpanjaitan,tioos
piterpanjaitan,Scotty_Wheeler
piterpanjaitan,AgungSumarno2
piterpanjaitan,FerriyBagus
piterpanjaitan,dewaoka27
piterpanjaitan,vincentiusroy
piterpanjaitan,MawarSari94
piterpanjaitan,yotolli
piterpanjaitan,aryastawa
piterpanjaitan,narellecrabtree
piterpanjaitan,22331a237bfa4ea
piterpanjaitan,pauljerk
piterpanjaitan,Kk_Damn
piterpanjaitan,jsaputra706
piterpanjaitan,JaseyHope
piterpanjaitan,BonTEZZz
piterpanjaitan,HeltonToc
piterpanjaitan,jessjayacc
piterpanjaitan,wirasoke
piterpanjaitan,ibuperiii
piterpanjaitan,JuliNguyennb
piterpanjaitan,Adi_DKG
piterpanjaitan,c_gef
piterpanjaitan,daniaguero43
piterpanjaitan,rezinemagz
piterpanjaitan,muktimandala
piterpanjaitan,tanahidebags
piterpanjaitan,benysur
piterpanjaitan,CokdeIntaran
piterpanjaitan,okiderfuehrer
piterpanjaitan,danieldanyuli
piterpanjaitan,IniYudiie
piterpanjaitan,betterBKT
piterpanjaitan,StonerJhon
piterpanjaitan,KdSukreni
piterpanjaitan,jewe1s79
piterpanjaitan,NickKennedy4
piterpanjaitan,babyandmomshop
piterpanjaitan,jodiyoii
piterpanjaitan,ivapeindo
piterpanjaitan,matheuschorior
piterpanjaitan,indrawan64
piterpanjaitan,merzyowners
piterpanjaitan,nigaluhayu
piterpanjaitan,finkelde
piterpanjaitan,RicoMarkus
piterpanjaitan,meakoooooo
piterpanjaitan,sunislandkuta
piterpanjaitan,misterghamSOS
piterpanjaitan,JCSOLDIERS
piterpanjaitan,LineupWayne
piterpanjaitan,delfi96902294
piterpanjaitan,arispane
piterpanjaitan,kd_arsana
piterpanjaitan,Dhanny_Nionk
piterpanjaitan,santabl
piterpanjaitan,kripikKPK
piterpanjaitan,dimas_dc
piterpanjaitan,farrelsibarani
piterpanjaitan,kelvinsayuli
piterpanjaitan,piping_irawan
piterpanjaitan,etbalitaree
piterpanjaitan,YaniBonell
piterpanjaitan,DeasyRomauliPur
piterpanjaitan,rthagenaar
piterpanjaitan,BaliLifeTweets
piterpanjaitan,wandersally
piterpanjaitan,CrIchwan
piterpanjaitan,arifdwn
piterpanjaitan,wirayasa_ketut
piterpanjaitan,iVeeGuitars
piterpanjaitan,steve_embryo
piterpanjaitan,antodamanik
piterpanjaitan,natatigabelas
piterpanjaitan,maningting
piterpanjaitan,Chris_C3V
piterpanjaitan,pandapotan_lg
piterpanjaitan,cintyasherry
piterpanjaitan,Gracepoerb
piterpanjaitan,kielejogja1
piterpanjaitan,C3Mumbai
piterpanjaitan,merrykristina
piterpanjaitan,taca_pepi
piterpanjaitan,Aldyner
piterpanjaitan,AleeshaMorete
piterpanjaitan,anahmelia
piterpanjaitan,skunk29
piterpanjaitan,EnoEnomanias
piterpanjaitan,herlambangmania
piterpanjaitan,mitsskii
piterpanjaitan,echoatas
piterpanjaitan,roydjihard
piterpanjaitan,yudamen
piterpanjaitan,sacrificeind
piterpanjaitan,ChrisPetB2B
piterpanjaitan,gungoka
piterpanjaitan,clareewagner
piterpanjaitan,Julietdush
piterpanjaitan,tianhp789
piterpanjaitan,shintalayaa
piterpanjaitan,Sharron_Billow
piterpanjaitan,ayuusudarta2
piterpanjaitan,KetutBudiarta
piterpanjaitan,antara_as
piterpanjaitan,tutnick_lenok
piterpanjaitan,YudhiNgantung
piterpanjaitan,NaomiDrysdale
piterpanjaitan,el15abeth
piterpanjaitan,sevendayafter
piterpanjaitan,DerKuchenBot
piterpanjaitan,H13ndry
piterpanjaitan,panjaitanclub
piterpanjaitan,BC_StreetCoffee
piterpanjaitan,Andi_2id
piterpanjaitan,Seth_Brooks
piterpanjaitan,sfaulknerca
piterpanjaitan,friz_roels
piterpanjaitan,deni_moko
piterpanjaitan,Psnic
piterpanjaitan,angelcsc
piterpanjaitan,trimoleksono
piterpanjaitan,Van_Ady87
piterpanjaitan,ori_bisalari
piterpanjaitan,klausw28
piterpanjaitan,buchtattoo_bali
piterpanjaitan,dc_dessy
piterpanjaitan,AcquanettaMoore
piterpanjaitan,Khong_dee
piterpanjaitan,_NayDev
piterpanjaitan,rezasechan
piterpanjaitan,Erni_Fang
piterpanjaitan,Luzicul
piterpanjaitan,mantho_5
piterpanjaitan,agustus17_
piterpanjaitan,krisselvin
piterpanjaitan,arnantyo
piterpanjaitan,Vanro_Sevanrhoo
piterpanjaitan,levyrezalubis
piterpanjaitan,somanjaya
piterpanjaitan,gvlihprvsetyo
piterpanjaitan,leandrotimao007
piterpanjaitan,kapusspen
piterpanjaitan,babyoline
piterpanjaitan,missgulabali
piterpanjaitan,GECTM
piterpanjaitan,C3CitySydney
piterpanjaitan,dotzcom
piterpanjaitan,yuditoengkagie
piterpanjaitan,NovaManikBarus
piterpanjaitan,GedeMandala
piterpanjaitan,renydelima
piterpanjaitan,andryfixa
piterpanjaitan,sylvia_s_aman
piterpanjaitan,imanuelhutabara
piterpanjaitan,famimaliki
piterpanjaitan,wennneeeyyy
piterpanjaitan,tutdeden
piterpanjaitan,MONALISAoffcial
piterpanjaitan,je_1405
angie_sopacua,Fpermatasari
angie_sopacua,Theresa_Suprobo
angie_sopacua,pinehas_djend
angie_sopacua,pawa_deppatola
angie_sopacua,lisamutzz
angie_sopacua,HanaFatmawaty
angie_sopacua,staywithfafa
angie_sopacua,changesurlifes
angie_sopacua,ismara485
angie_sopacua,jo_trivoice
angie_sopacua,Fery_Sugiokto
angie_sopacua,Meiyhsnoop
angie_sopacua,MariaPngbean
angie_sopacua,Biokos_MT
angie_sopacua,HaTeWe
angie_sopacua,Orpa_Lemba
angie_sopacua,je71ta
angie_sopacua,UDJKWJKAJ2
angie_sopacua,PresidenREAL
angie_sopacua,Lintaspos
angie_sopacua,MichelliJulisa
angie_sopacua,babycarilyn
angie_sopacua,TubanSugi
angie_sopacua,putrabombom
angie_sopacua,HanaHattu
angie_sopacua,anggih_ajp5353
angie_sopacua,yesse_pd
angie_sopacua,NirwanaSitompul
angie_sopacua,hgtasdddllll
angie_sopacua,Kawatubilly
angie_sopacua,FeFebrita
angie_sopacua,Felanny_felz
angie_sopacua,diankribo
angie_sopacua,lyani_purple
angie_sopacua,darnaishak
angie_sopacua,Anggih_AJP
angie_sopacua,DebhHoneyBee
angie_sopacua,AveliaMarlene
angie_sopacua,ilsansumiati
angie_sopacua,EisforEby
angie_sopacua,gracepanjaitan
angie_sopacua,endangPsiUkd
angie_sopacua,chriestie
angie_sopacua,lia_nichola
angie_sopacua,oliviamaureen
angie_sopacua,gieluny
angie_sopacua,alisakarla_
angie_sopacua,reyka89
angie_sopacua,baezgoelena2
angie_sopacua,natassapfia
chriestie,veramika
chriestie,NanangNkthree
chriestie,Yaviska1964
chriestie,Rafly51536249
chriestie,WeightTakeOff
chriestie,dhira_atman
chriestie,engelhart21
chriestie,Theresa_Suprobo
chriestie,RompasBni
chriestie,LewerissaJ
chriestie,Pink_Traveler
chriestie,gudbooks
chriestie,fransisca_tani
chriestie,liskagunawan
chriestie,dhewiewie
chriestie,MunokoEdi
chriestie,rawung_cikha
chriestie,Omnduut
chriestie,javi_MD
chriestie,ivonnesiahaya
chriestie,FC_valerie
chriestie,johnfrompas
chriestie,binakarir
chriestie,Henimyer
chriestie,MichelliJulisa
chriestie,DonnaStephany
chriestie,NdhyRompas
chriestie,En_cute
chriestie,wubyjywagir
chriestie,McLotma
chriestie,iamMariza
chriestie,SHendriksz
chriestie,RezaFelix
chriestie,hendr_am
chriestie,daranize
chriestie,PriscillAgatha
chriestie,shanagst
chriestie,nivawilujeng
chriestie,angie_sopacua
chriestie,zach_oq
chriestie,Stevano_JR
chriestie,B_Jerikson
chriestie,liaoozz
chriestie,RobertusDavis
chriestie,JackRompas1
chriestie,nontje2011
chriestie,NathanaelZPL
chriestie,Nielisach
chriestie,bogelL_19
chriestie,DeeJayBeni
chriestie,AriestaKuntjoro
chriestie,arivikaa
chriestie,otto0308
chriestie,Ayu_kuntiblues
chriestie,jonathan3018
chriestie,afurqanie
chriestie,andizulkar
chriestie,Bias_adhan
chriestie,fahmieahmadd
chriestie,Vio_LeTha
chriestie,andreza57119189
chriestie,lia_nichola
chriestie,Yoel131290
chriestie,stellaesther
chriestie,ZenExotica
chriestie,dwi_aniza
chriestie,PriezPuppiez
chriestie,sista_flOoo
chriestie,HDpicWallpaper
chriestie,Fery_Sugiokto
chriestie,stelladatu
chriestie,KimPackerChangi
chriestie,DebhHoneyBee
chriestie,bhocun
chriestie,WiLdaTRiana
chriestie,EllaEboth
chriestie,fennyzhugi
chriestie,amelia_90
chriestie,alreadyistaken
chriestie,FrieskaS
chriestie,msherta
chriestie,Enciangelo
chriestie,stella_datu
chriestie,hallyu_beauty
chriestie,cHoVeRo
chriestie,Pasaribu_Andry
chriestie,juliadevyizmail
chriestie,reyka89
chriestie,vina_chu91
chriestie,omahceritaku
chriestie,Raniaissance
chriestie,stefani_wolin
chriestie,Stefanus241187
chriestie,EisforEby
chriestie,HanaFatmawaty
chriestie,RompasV
chriestie,ilsansumiati
chriestie,shantarantulla
chriestie,millaratoe
chriestie,mitta_today
chriestie,icelrosebella
chriestie,anggitaoputri
chriestie,aritannamita
chriestie,hgtasdddllll
chriestie,FeFebrita
chriestie,Yes90_
chriestie,MariaPngbean
chriestie,irmahosio
chriestie,nadiaursula
chriestie,NirwanaSitompul
chriestie,THEREALBIGjbj
chriestie,Meiyhsnoop
chriestie,Wensis
chriestie,charitywater
MyVho,mirthamizo
MyVho,ChristinaScali5
MyVho,Lagunavacations
MyVho,victorshingles6
MyVho,Richie_Rocko
MyVho,otiumrentals
MyVho,chukfort
MyVho,HostGPO
MyVho,AnakinMilitello
MyVho,Molly_S17
MyVho,golfcompub
MyVho,greatdaysgolf
MyVho,VRMInsider
MyVho,PalmSprings2VR
MyVho,ArtHouse169
MyVho,PossumLodgeOhio
MyVho,emptyspacesVRM
MyVho,DookVitale
MyVho,firefightertee2
MyVho,jherson11683956
MyVho,DrAnthony
MyVho,Lodgeetravel
MyVho,MyiniINC
MyVho,TripMogul
MyVho,hcasasventa
MyVho,LoverOfNMBeach
MyVho,CasaCuoco
MyVho,dani_apenas
MyVho,costaricamas
MyVho,sstorriess
MyVho,getbookfull
MyVho,careyclahan
MyVho,pammelacoleman
MyVho,Elise_EVRN
MyVho,ADH_Consult
MyVho,Thomas_Martini_
MyVho,Doc_Sibylle
MyVho,Hoosiers1986
MyVho,TahoeTroutTips
MyVho,triker6955
MyVho,noahlong3
MyVho,HanniganMark
MyVho,SkiCabins
MyVho,DanaleeCowell1
MyVho,Brentw247
MyVho,theospott
MyVho,FINDRENTALS
MyVho,orlandojose1992
MyVho,DietShop
MyVho,itsjungle3
MyVho,REbyCarla
MyVho,suryakantsinh
MyVho,talentedthreat
MyVho,Rentalbot
MyVho,Marbell59053749
MyVho,RayssteatsOkc
MyVho,sherazade1967
MyVho,grock1024
MyVho,marisazanuckre
MyVho,CallesCorazon
MyVho,oxoboxocottage
MyVho,foxruncommand
MyVho,bnbconnect
MyVho,OMSsherwood
MyVho,AundreasArbonne
MyVho,sheikmuhammad2
MyVho,hostsavior
MyVho,sanjeevahlawat1
MyVho,anitaperth
MyVho,airbnbhosthelp
MyVho,RitualTreats
MyVho,JorgeAl29207557
MyVho,SashaCoxxx
MyVho,lucyher06665436
MyVho,lyndsey_garza
MyVho,SOSLoans4Camp
MyVho,rbochiya3837
MyVho,Sebastian266638
MyVho,Cali_Stays
MyVho,VacationVision
MyVho,mikebayer525
MyVho,NBoardcast
MyVho,drbhuttapt
MyVho,jan_jord
MyVho,NicheEscapes
MyVho,candyrose555
MyVho,NautJigger
MyVho,MaidThis
MyVho,HomeRentalExp
MyVho,HomelinkItalia
MyVho,TravelSpain1_
MyVho,LuxuryTravel77
MyVho,BaronJamesson
MyVho,XaeCoo
MyVho,YettioTravelMag
MyVho,julitocortez147
MyVho,NoiseAwareDotIO
MyVho,VicenteWehbe
MyVho,vacation_planet
MyVho,AnnaMariaLife
MyVho,RentalnLaQuinta
MyVho,Stephanie_ktaz
MyVho,joshua8d1howar1
MyVho,cmvlphotmailco1
MyVho,MiaLaMavenSpa
MyVho,ProperIns
MyVho,LakesideDisney
MyVho,srainin
MyVho,luxevacarentals
MyVho,PalmDesertRent
MyVho,camara44731
MyVho,vacationhome3
MyVho,PyPoportunidad
MyVho,weatherby_james
MyVho,koya_eu
MyVho,vuelosofertones
MyVho,ivnrocks
MyVho,canongate_pc
MyVho,donofrio2016
MyVho,candadoaguilar
MyVho,Rainpix
MyVho,eurapart
MyVho,DrMichaelNorman
MyVho,14CariF
MyVho,VacationHomeGuy
MyVho,ChrisCain46
MyVho,EvolveVR
MyVho,holidayletpod
MyVho,UrHairByChanel
MyVho,SandraG20703888
MyVho,AllpawnSolvang
MyVho,MyBookingPal
MyVho,stonejpg
MyVho,paccharterinst
MyVho,rentalscaleup
MyVho,ericSFGiants
MyVho,JAMILETHALVARE1
MyVho,WeRentMonterey
MyVho,Springboard_Inc
MyVho,stayholidayhome
MyVho,RobinMTV14
MyVho,HolidayRentalEx
MyVho,ChristyNVHomes
MyVho,GuestHook
MyVho,Bayli5562
MyVho,JSBand2016
MyVho,NewCollectiveLA
MyVho,DCProps
MyVho,VRBooker
MyVho,scfitchic
MyVho,hotel_for_all
MyVho,mix_alot_
MyVho,fundfieldandtrk
MyVho,AhiBnx
MyVho,spatidiaz
MyVho,MariSmith
MyVho,Aimee_Laughs
MyVho,Moore123L
MyVho,OmarRM31
MyVho,PublicityGuru
MyVho,ceci87_
MyVho,RuthThue
MyVho,ApartamentosPMA
MyVho,julialudytejada
MyVho,TriposoVienna
MyVho,Tourism4me
MyVho,lpcman0948
MyVho,vacationbugg
MyVho,thill4Real78
MyVho,KMPH175
MyVho,Bigriz31Rogelio
MyVho,kiraharmony
MyVho,yennysofia28
MyVho,60_rollins
MyVho,CamdenHenderson
MyVho,VacationCluster
MyVho,bluepanamainv
MyVho,Corald111
MyVho,imassageatlanta
MyVho,HamdiNijem
MyVho,lfcr2015
MyVho,homearound
MyVho,TeamJiminy
MyVho,snugggs
MyVho,Hannahfliegel
MyVho,SBestonProperty
MyVho,becchold
MyVho,leenakamoto
MyVho,prescott4sale
MyVho,alcoser_jackie
MyVho,carlosbrown1974
MyVho,PremierAptJobs
MyVho,agecheverri88
MyVho,kinic08
MyVho,StLouisVR
MyVho,sunrise_clean
MyVho,KristelRock
MyVho,NoriegaGroup
MyVho,RickBuchser
MyVho,jennyuyenvu
ate0612,akslf
EduExpo2013,Germany4Student
EduExpo2013,YetiWidiati
EduExpo2013,sahirhassan0041
EduExpo2013,teamlovelerato
EduExpo2013,NewsIntEduExpo
EduExpo2013,Sarras19
EduExpo2013,h_nurlaily
EduExpo2013,Iwan_ardhie
EduExpo2013,anesr108
EduExpo2013,KhumaloSbusiso
EduExpo2013,lindasetiawan99
EduExpo2013,ArlienYanthy
EduExpo2013,WUntara
EduExpo2013,vq4376
EduExpo2013,swistien
EduExpo2013,awangsubangun
EduExpo2013,tardjo_id
EduExpo2013,ing46777988
EduExpo2013,iwan692000
EduExpo2013,liyakwee
EduExpo2013,IDSmarTalent
EduExpo2013,hy2n
EduExpo2013,pujaswati
EduExpo2013,BabyNutriFood
1000Mimpi,sazyww
1000Mimpi,Karyakaban
1000Mimpi,Rahol60706066
1000Mimpi,gunawan83992887
1000Mimpi,SyarahBelawati
1000Mimpi,Dianrhmwt112
1000Mimpi,MILLAHMUSTIKOW1
1000Mimpi,ami_fadilah05
1000Mimpi,theonlywayissue
1000Mimpi,Robiatu21190151
1000Mimpi,JCYT28
1000Mimpi,Parenting_Daily
1000Mimpi,aprillia_gloria
1000Mimpi,adip_awan
1000Mimpi,ronny0808
1000Mimpi,mirta_als_etha
1000Mimpi,kaltex_fu
1000Mimpi,IzmiAzzachrah
1000Mimpi,Permata_Medika_
1000Mimpi,irfan5_
1000Mimpi,yar_ishh
1000Mimpi,SyiLviyana
1000Mimpi,andichaidirsi
1000Mimpi,dviin
1000Mimpi,zhrkamilah
1000Mimpi,ichinichi25
1000Mimpi,ahmfauzi_
1000Mimpi,afinfariha
1000Mimpi,AraZ142
1000Mimpi,rismaya75339549
1000Mimpi,SeminarMASTER
1000Mimpi,Dianwaleleng1
1000Mimpi,AmeliaChie
1000Mimpi,DeviIndriaii12
1000Mimpi,JejakWitjak
1000Mimpi,kusumaputri10
1000Mimpi,beritamisteri
1000Mimpi,budi_sulistiyo
1000Mimpi,ZefaMoslem
1000Mimpi,dhiralathiefah
1000Mimpi,anisanur6
1000Mimpi,renynovita1711
1000Mimpi,wahyuana
1000Mimpi,dalia23551d
1000Mimpi,CintaEndonesa
1000Mimpi,C1PUL
1000Mimpi,wartamedianet
1000Mimpi,rajaholiday
1000Mimpi,MaiEfendii16
1000Mimpi,rumsiyati1
1000Mimpi,Nurazizah_rizka
1000Mimpi,AtoZ_Rifa
1000Mimpi,_fauziaaah
1000Mimpi,mochrdho
1000Mimpi,narrysdcraic
1000Mimpi,SeiyaAimee
1000Mimpi,ricko_AN
1000Mimpi,gempoinginsetia
1000Mimpi,Vandesar100
1000Mimpi,NurdinSetiawan
1000Mimpi,Widiyarto
1000Mimpi,EduExpo2013
1000Mimpi,sumberiklan1
1000Mimpi,Indonesia2Forum
1000Mimpi,belanjaproperti
1000Mimpi,sumiklan
1000Mimpi,PupudTrielindy
1000Mimpi,MindHarmonious
1000Mimpi,DoddyRosadi
1000Mimpi,StasiunSenja
1000Mimpi,spiritualz_
1000Mimpi,y3hoo_
1000Mimpi,kabaena_
1000Mimpi,DuniaSpirit
1000Mimpi,BelanjaHpBekas
1000Mimpi,wjoung01
1000Mimpi,CUttAvA
1000Mimpi,rizqimaulanaI
1000Mimpi,twitclubcom
1000Mimpi,DedyNug
1000Mimpi,DuniaSpa_id
1000Mimpi,binkyparamitha
1000Mimpi,bangrahmadsyah
1000Mimpi,iam_xxx99
1000Mimpi,agoodschool
1000Mimpi,dedehnurprabowo
1000Mimpi,sute_ichals
1000Mimpi,infotrainng776
1000Mimpi,pujaswati
1000Mimpi,raihanakbal
1000Mimpi,easytravellergr
1000Mimpi,DreDayFlyGuy
1000Mimpi,Faneelly
1000Mimpi,anapurwati
1000Mimpi,chandraiman
1000Mimpi,emmalita23
1000Mimpi,th3chriscarter
1000Mimpi,FSDcollection
1000Mimpi,nellosw
1000Mimpi,dedifals
1000Mimpi,lutfi_zein
1000Mimpi,Kecerdasananak
1000Mimpi,DianaNatalia7
1000Mimpi,vytm
1000Mimpi,milanististwor
1000Mimpi,Malik_Facts
1000Mimpi,TravelTodayUK
1000Mimpi,yaboyamc
1000Mimpi,kellygyrl001
1000Mimpi,sari3107
1000Mimpi,syahadzanmiqbal
1000Mimpi,LiskaLasantu2
1000Mimpi,BebasObesitas
1000Mimpi,BebekNgamback
1000Mimpi,hasanoudien
1000Mimpi,semangatfren
1000Mimpi,pakargriya
1000Mimpi,rsyogi
1000Mimpi,yogadelahoya99
1000Mimpi,pastisugih
1000Mimpi,MKSjualbeli
1000Mimpi,Gaburieu
1000Mimpi,woundbegone
1000Mimpi,HS_BPAI
1000Mimpi,IDSmarTalent
1000Mimpi,mastersingkatan
1000Mimpi,Khangxi
1000Mimpi,efrina_mia
1000Mimpi,yogiikhwan
1000Mimpi,KristiRainier
1000Mimpi,aprisany
1000Mimpi,arukmantara
1000Mimpi,mahendrawai
mellylovelly,zada_malang
mellylovelly,RitaFitriaSari1
mellylovelly,najarular8210
mellylovelly,yokojeve
mellylovelly,vannytsoe
mellylovelly,sahdidu
mellylovelly,sundarikeluang
mellylovelly,1Herdiawan
mellylovelly,BaswelMuhmmad
mellylovelly,schotelheerlijk
mellylovelly,rezapahleviMRP
mellylovelly,CumainfoLoc
mellylovelly,AwendyAwandy
mellylovelly,aqilsirojuden12
mellylovelly,kuzneco4
mellylovelly,Yennaschandra
mellylovelly,runal789
mellylovelly,vetonk_abs
mellylovelly,FrancisQrent
mellylovelly,toresyoga59
mellylovelly,MarvelousSyukur
mellylovelly,dama_putraa
mellylovelly,SminarWirausaha
mellylovelly,alfuadi
mellylovelly,aldimanfransius
mellylovelly,zenbhakti
mellylovelly,AlfianZuhdi
mellylovelly,barethijau1
mellylovelly,AriusSutendi
mellylovelly,Ajiwicak1
mellylovelly,shintadesian21
mellylovelly,GreaceEgha
mellylovelly,vanhartz
mellylovelly,romdinazhar
mellylovelly,ikhwanromadonna
mellylovelly,karto_loyo
mellylovelly,nokiajalanjalan
mellylovelly,Guntungputralak
mellylovelly,isaminside
mellylovelly,akhmadfit
mellylovelly,Kagung_Chang
mellylovelly,graciodrez
mellylovelly,Gallery123R
mellylovelly,jean_kirania
mellylovelly,simalina86
mellylovelly,KWnusantara
mellylovelly,fajrill83
mellylovelly,protoc
mellylovelly,andrecies
mellylovelly,Jeliesrey
mellylovelly,sworld_ap
mellylovelly,AnggrainiYanni
mellylovelly,zaenarifien
mellylovelly,shdidu
mellylovelly,AGungku51606062
mellylovelly,sushi_mura17
mellylovelly,tennytere
mellylovelly,enaz83
mellylovelly,mahayonibali
mellylovelly,fhafha_ku
mellylovelly,matador_store
mellylovelly,dhedhot21
mellylovelly,Hendragunawan27
mellylovelly,PronSchool
mellylovelly,pedagangkeren1
mellylovelly,adeeliamaharani
mellylovelly,calestorkizito
mellylovelly,cinkdewanti
mellylovelly,blacksuherman
mellylovelly,dhekasasmita
mellylovelly,MaryonoEdi
mellylovelly,FelishaDita
mellylovelly,masenon
mellylovelly,Iwan_Usman
mellylovelly,akbar_chetoz
mellylovelly,me_salahuddin
mellylovelly,Funkydaddy83
mellylovelly,Syechalmujazi
mellylovelly,Arlin_Gorontalo
mellylovelly,EL_ntra
mellylovelly,pakeotak
mellylovelly,Jogja_Smart
mellylovelly,triwahy01061041
mellylovelly,abbeyterra
mellylovelly,Dr_Mustafa_Moh_
mellylovelly,Hujan80
mellylovelly,prajariyan
mellylovelly,maya_rianty
mellylovelly,CynRahma
mellylovelly,Stretchmarkblog
mellylovelly,zurianto96
mellylovelly,GiuvanC
mellylovelly,rmunte
mellylovelly,Chandraanta
mellylovelly,attarakha
mellylovelly,agungprstw
mellylovelly,Revolutione_LPG
mellylovelly,imrans718
mellylovelly,Merry_Liao
mellylovelly,ijoel_naen
mellylovelly,ToarToxx
mellylovelly,DannyJinz
mellylovelly,looxdecoratio
mellylovelly,hendriirawan55
mellylovelly,OomMAlbadriyah
mellylovelly,surianata_regie
mellylovelly,Satria_Mi_Jo
mellylovelly,alunkhendri
mellylovelly,Petaband
mellylovelly,andik_ghofi
mellylovelly,suryadisyamsu
mellylovelly,FahmeeTheEAGLE
mellylovelly,Pitt_ajee
mellylovelly,min_sobirin
mellylovelly,SabdoDIndonesia
mellylovelly,areez_skay
mellylovelly,IrwanNopiyanto
mellylovelly,cahayafalah
mellylovelly,bery_Dipon2
mellylovelly,DanwarWisnu
mellylovelly,vittamoon
mellylovelly,meilisya1
mellylovelly,nugraha_setya
mellylovelly,MamaFahmii
mellylovelly,Sipunelsa
mellylovelly,asad_35444
mellylovelly,FaridaHasanah07
mellylovelly,SSIJooz
mellylovelly,Sitmel
mellylovelly,AgungProperty
mellylovelly,00_mbodho
mellylovelly,IndoLebaran
mellylovelly,haristamara
mellylovelly,mamad9494
mellylovelly,adi_barnas
mellylovelly,dedektasty1
mellylovelly,adimas90
mellylovelly,Waddaddah
mellylovelly,ardhy_2337CC73
mellylovelly,sammylung
mellylovelly,weedodo
mellylovelly,agusp22
mellylovelly,branatarian
mellylovelly,superdito
mellylovelly,WhanaNhatasyha
mellylovelly,milkaiueo
mellylovelly,ardbeng
mellylovelly,bsakti99
mellylovelly,aaliphamzah
mellylovelly,SOkby
mellylovelly,babah_badirul
mellylovelly,mawardisyarif
mellylovelly,Fromnas
mellylovelly,iluvrihanna2012
mellylovelly,DanielDewantara
mellylovelly,belmandozz
mellylovelly,si_ziviet
mellylovelly,emandw
mellylovelly,JohannesDaru
mellylovelly,Anirahayu_91
mellylovelly,dedymp21
mellylovelly,MNwardrobe
mellylovelly,sofie_vie
mellylovelly,agunkla_elektro
mellylovelly,Dwi_rijal
mellylovelly,idaalestarii
mellylovelly,triyana_agus
mellylovelly,zibraldaniie
mellylovelly,ShabuStreet
mellylovelly,nieta_rezer
mellylovelly,Bowo_Milionaire
mellylovelly,deiva_trisna
mellylovelly,__icavana
mellylovelly,Happysouvenir
mellylovelly,mariatutoladjar
mellylovelly,cgujingo
mellylovelly,radjapromosi
mellylovelly,amangdul
mellylovelly,buburbongkoq
mellylovelly,Warung_kampung
mellylovelly,TRACBali
mellylovelly,subhan_dQfly
mellylovelly,Raditya_619
mellylovelly,dadanrohendi
mellylovelly,rinariantioloan
mellylovelly,ichal_lui
mellylovelly,maretha_milla33
mellylovelly,isra_darmawan
mellylovelly,herlinaciikubil
mellylovelly,blackFCL212
mellylovelly,shirosupermario
mellylovelly,deky_yoga
mellylovelly,Dee_rila
mellylovelly,Indicha_radella
mellylovelly,ismail_lia
mellylovelly,rempirres02ref
mellylovelly,bayuadinugroho6
mellylovelly,BuncingSamiaji
mellylovelly,doniie_putra
mellylovelly,Dannyjinzz
mustikar41,Kannada_tunne1
mustikar41,RitaFitriaSari1
mustikar41,VRFashion2
mustikar41,Ashila_WU
mustikar41,Amor_Saevydien
mustikar41,6deb260446b6409
mustikar41,Risvie8
mustikar41,dheviyaniel12
mustikar41,martinileny
mustikar41,vannytsoe
mustikar41,sahdidu
mustikar41,1Herdiawan
mustikar41,BaswelMuhmmad
mustikar41,Zalfanuwiza
mustikar41,schotelheerlijk
mustikar41,boenariski
mustikar41,bedjoe90
mustikar41,CumainfoLoc
mustikar41,AwendyAwandy
mustikar41,aqilsirojuden12
mustikar41,StoryRaka
mustikar41,Yennaschandra
mustikar41,runal789
mustikar41,vetonk_abs
mustikar41,FrancisQrent
mustikar41,piglet0995
mustikar41,aangself
mustikar41,dama_putraa
mustikar41,sweet12_iin
mustikar41,YudiBlackrider
mustikar41,ErviMilla
mustikar41,SminarWirausaha
mustikar41,Komtherisme_Ind
mustikar41,randyodank10
mustikar41,puss_phapuss
mustikar41,alfuadi
mustikar41,Rustiati4
mustikar41,aldimanfransius
mustikar41,AlfianZuhdi
mustikar41,moch_junas
mustikar41,irfanrimoihakim
mustikar41,ichachavanessa
mustikar41,prihandoko_7604
mustikar41,AriusSutendi
mustikar41,shintadesian21
mustikar41,romdinazhar
mustikar41,ECfashion27
mustikar41,jasamcultah
mustikar41,ikhwanromadonna
mustikar41,karto_loyo
mustikar41,Ninethree1
mustikar41,kliklook
mustikar41,lilynovita_11
mustikar41,Guntungputralak
mustikar41,Rennowahap
mustikar41,maztrian
mustikar41,isaminside
mustikar41,Kagung_Chang
mustikar41,graciodrez
mustikar41,KWnusantara
mustikar41,fajrill83
mustikar41,protoc
mustikar41,andrecies
mustikar41,Jeliesrey
mustikar41,jahovic27
mustikar41,shdidu
mustikar41,upang2gembeng
mustikar41,f_ry_h
mustikar41,tennytere
mustikar41,MusisiIndie
mustikar41,REza_ALdodo
mustikar41,andri_tahupop
mustikar41,AGungku51606062
mustikar41,BentCellular147
mustikar41,lineshop_id
mustikar41,enaz83
mustikar41,NAKAMAGAMINGCH
mustikar41,mahayonibali
mustikar41,rabsharto61
mustikar41,daengiwank
mustikar41,matador_store
mustikar41,Hendragunawan27
mustikar41,cha_elizhaa
mustikar41,blacksuherman
mustikar41,dentaprawira
mustikar41,AdrianSuhendra
mustikar41,PronSchool
mustikar41,hemajeng
mustikar41,RW_milanisti
mustikar41,indra_pers
mustikar41,sq_sweety
mustikar41,greace_greace
mustikar41,snj_Xieyunnaz
mustikar41,imam_nviany
mustikar41,part643
mustikar41,OneDriv
mustikar41,GianLuEgi
mustikar41,diaz_rendi
mustikar41,eno_shina
mustikar41,jony_jamhari
mustikar41,JatmikoSM
mustikar41,denbagus145
mustikar41,MaryonoEdi
mustikar41,Iwan_Usman
mustikar41,akbar_chetoz
mustikar41,millati07
mustikar41,paulin1709
mustikar41,trim0624
mustikar41,me_salahuddin
mustikar41,akhmadfit
mustikar41,Syechalmujazi
mustikar41,JeaiIrawadi
mustikar41,Arlin_Gorontalo
mustikar41,EL_ntra
mustikar41,pakeotak
mustikar41,Ihkai_juoi
mustikar41,triwahy01061041
mustikar41,herlinaelin59
mustikar41,tosirain
mustikar41,abbeyterra
mustikar41,Dr_Mustafa_Moh_
mustikar41,Hujan80
mustikar41,iieechandraa
mustikar41,sityramisah
mustikar41,bayzains
mustikar41,NithaaPikong
mustikar41,bety_nst
mustikar41,achong48908859
mustikar41,SEKJENDPAZA
mustikar41,alawiyahrizky
mustikar41,PutriSyaban
mustikar41,Pangeran_Dhi
mustikar41,ZiPoetRiTuNGgaL
mustikar41,FahmeeTheEAGLE
mustikar41,RezaExploited
mustikar41,YulianiSriRahay
mustikar41,thatazegeg
mustikar41,shashu_za
mustikar41,JengkelinEllin
mustikar41,phutri20
mustikar41,sisil_aqilah
mustikar41,Stretchmarkblog
mustikar41,zurianto96
mustikar41,jhocharless
mustikar41,GiuvanC
mustikar41,fadolif
mustikar41,NandaraniNanda
mustikar41,PratamaHajidah
mustikar41,Dhiyan_Cerry
mustikar41,qhnaxpwt
mustikar41,febryanto_i
mustikar41,Chandraanta
mustikar41,arni_bae
mustikar41,attarakha
mustikar41,sulhanfrisano
mustikar41,VaniFifah
mustikar41,kakday
mustikar41,nuerdin_nuer1
mustikar41,sahrulputra706
mustikar41,chusnul89945851
mustikar41,broaep
mustikar41,Revolutione_LPG
mustikar41,HanaPhutry
mustikar41,mutiara_endang
mustikar41,al_rasyidzien
mustikar41,nadiadeviayu
mustikar41,ijoel_naen
mustikar41,JamaicaAnggi
mustikar41,ekhapilando
mustikar41,ItaSjha
mustikar41,dianpristiani1
mustikar41,mira_helmi
mustikar41,uangoke
mustikar41,yuni230612
mustikar41,KresnaIndaryana
mustikar41,Chintyawang
mustikar41,PRASETI09617258
mustikar41,cici_trisnawaty
mustikar41,wulan_adriana
mustikar41,twettdakwah
mustikar41,mauphomabah
mustikar41,jannahjulia
mustikar41,hendriirawan55
mustikar41,SiiEndang
mustikar41,fitrianti92
mustikar41,Suitmobile
mustikar41,ImaNtuNia
mustikar41,aansigitpurnomo
mustikar41,ToarToxx
mustikar41,OomMAlbadriyah
mustikar41,Satria_Mi_Jo
mustikar41,MuthiaAzzahraa
mustikar41,alunkhendri
mustikar41,RagaszeroZero
mustikar41,andik_ghofi
mustikar41,Melaaini
mustikar41,ali_adjieba
mustikar41,Pitt_ajee
mustikar41,Raflyibra
mustikar41,SabdoDIndonesia
LinYohana,yerrxi
LinYohana,zenbhakti
LinYohana,Kannada_tunne1
LinYohana,BakriRahman16
LinYohana,RitaFitriaSari1
LinYohana,Nopriaje
LinYohana,vannytsoe
LinYohana,sahdidu
LinYohana,sundarikeluang
LinYohana,1Herdiawan
LinYohana,BaswelMuhmmad
LinYohana,schotelheerlijk
LinYohana,boenariski
LinYohana,bedjoe90
LinYohana,CumainfoLoc
LinYohana,shintadesian21
LinYohana,AwendyAwandy
LinYohana,aqilsirojuden12
LinYohana,DidiPurwa1
LinYohana,Yennaschandra
LinYohana,vetonk_abs
LinYohana,FrancisQrent
LinYohana,rifianda_riyan
LinYohana,RLusianah
LinYohana,dama_putraa
LinYohana,aji_alhadi
LinYohana,SminarWirausaha
LinYohana,alfuadi
LinYohana,aldimanfransius
LinYohana,endutcantik
LinYohana,kurnia00130838
LinYohana,AlfianZuhdi
LinYohana,MarUlfah
LinYohana,fn_tria
LinYohana,annisa_megha2
LinYohana,AriusSutendi
LinYohana,abul_haitsam
LinYohana,vanhartz
LinYohana,detujuh
LinYohana,Yudhaadikrisna2
LinYohana,romdinazhar
LinYohana,ECfashion27
LinYohana,jasamcultah
LinYohana,ikhwanromadonna
LinYohana,karto_loyo
LinYohana,umikeiko
LinYohana,NDS29
LinYohana,Guntungputralak
LinYohana,julia_xaviera
LinYohana,heru_SCREAMO2
LinYohana,biberrkin
LinYohana,Fifian_always
LinYohana,macho_perkasa
LinYohana,maztrian
LinYohana,isaminside
LinYohana,riskiandromeda
LinYohana,Kagung_Chang
LinYohana,graciodrez
LinYohana,ulirusadi
LinYohana,EliPutriDedi23
LinYohana,OSyahrullah
LinYohana,DharcamD
LinYohana,KWnusantara
LinYohana,fajrill83
LinYohana,runal789
LinYohana,protoc
LinYohana,memelestari
LinYohana,andrecies
LinYohana,Jeliesrey
LinYohana,I_ONESUPERKIDAL
LinYohana,ArdinaRastie
LinYohana,ervinahjm27
LinYohana,RahmahYulia5
LinYohana,jahovic27
LinYohana,shdidu
LinYohana,eko_diantoro
LinYohana,tennytere
LinYohana,andri_tahupop
LinYohana,aangself
LinYohana,AGungku51606062
LinYohana,sushi_mura17
LinYohana,AstraIsuzuISO
LinYohana,putri64326928
LinYohana,enaz83
LinYohana,Whisno04
LinYohana,mahayonibali
LinYohana,andiinsanul
LinYohana,daengiwank
LinYohana,matador_store
LinYohana,Hendragunawan27
LinYohana,blacksuherman
LinYohana,PronSchool
LinYohana,yo_banna
LinYohana,OrlandoMalonda
LinYohana,MayaMecho
LinYohana,JatmikoSM
LinYohana,dwiajengprtiwi
LinYohana,MaryonoEdi
LinYohana,lenaapriyani2
LinYohana,ismed300
LinYohana,FelishaDita
LinYohana,vanya_sweet
LinYohana,lidyasabunge
LinYohana,Iwan_Usman
LinYohana,nenk_nonk5
LinYohana,akbar_chetoz
LinYohana,hannanenden
LinYohana,trim0624
LinYohana,me_salahuddin
LinYohana,akhmadfit
LinYohana,Syechalmujazi
LinYohana,mochmahfud4
LinYohana,EL_ntra
LinYohana,pakeotak
LinYohana,triwahy01061041
LinYohana,RiniSurtini93
LinYohana,SintaRinaldi
LinYohana,abbeyterra
LinYohana,Dr_Mustafa_Moh_
LinYohana,Hujan80
LinYohana,bayzains
LinYohana,zieegie
LinYohana,bang_yanuar
LinYohana,shashu_za
LinYohana,Stretchmarkblog
LinYohana,zurianto96
LinYohana,GiuvanC
LinYohana,Chandraanta
LinYohana,attarakha
LinYohana,sahrulputra706
LinYohana,Revolutione_LPG
LinYohana,ijoel_naen
LinYohana,RikaZameg
LinYohana,ALIIFFF12
LinYohana,ToarToxx
LinYohana,twettdakwah
LinYohana,anggivarentina
LinYohana,hendriirawan55
LinYohana,LunasiLuna
LinYohana,fitrianti92
LinYohana,Suitmobile
LinYohana,angkitkusuma
LinYohana,OomMAlbadriyah
LinYohana,rommygading
LinYohana,Satria_Mi_Jo
LinYohana,alunkhendri
LinYohana,andik_ghofi
LinYohana,FahmeeTheEAGLE
LinYohana,Pitt_ajee
LinYohana,SabdoDIndonesia
LinYohana,rochman_zje
LinYohana,pocong_gatel
LinYohana,zje_a
LinYohana,vittamoon
LinYohana,cahayafalah
LinYohana,bery_Dipon2
LinYohana,DanwarWisnu
LinYohana,yolandaYP1
LinYohana,meilisya1
LinYohana,nugraha_setya
LinYohana,kangmoekhlas
LinYohana,Sipunelsa
LinYohana,asad_35444
LinYohana,SSIJooz
LinYohana,AgungProperty
LinYohana,DQuiano
LinYohana,00_mbodho
LinYohana,mawardisyarif
LinYohana,IndoLebaran
LinYohana,ucilkucrit
LinYohana,haristamara
LinYohana,adi_barnas
LinYohana,dedektasty1
LinYohana,Rama_Tye
LinYohana,uludoank
LinYohana,adimas90
LinYohana,cakra_sunda
LinYohana,Waddaddah
LinYohana,rusfahulakbar1
LinYohana,wiiidyaaa
LinYohana,ardhy_2337CC73
LinYohana,agusp22
LinYohana,branatarian
LinYohana,massmoel
LinYohana,Ninakps1
LinYohana,WhanaNhatasyha
LinYohana,olina_olina
LinYohana,rental_medan
LinYohana,ardbeng
LinYohana,bsakti99
LinYohana,aaliphamzah
LinYohana,CintaCinta87
LinYohana,SOkby
LinYohana,babah_badirul
LinYohana,ginnahendriyast
LinYohana,Fromnas
LinYohana,iluvrihanna2012
LinYohana,Nasril65
LinYohana,DanielDewantara
LinYohana,belmandozz
TienaWong,agusmokaagus
TienaWong,yuliekiu16_
TienaWong,Dewi_Rachman91
TienaWong,sahdidu
TienaWong,1Herdiawan
TienaWong,iwan42411976
TienaWong,CumainfoLoc
TienaWong,shintadesian21
TienaWong,AwendyAwandy
TienaWong,aqilsirojuden12
TienaWong,Yennaschandra
TienaWong,FrancisQrent
TienaWong,LutfiArifulImam
TienaWong,IwankChuby
TienaWong,aangself
TienaWong,dama_putraa
TienaWong,Hengboyz
TienaWong,SminarWirausaha
TienaWong,alfuadi
TienaWong,there_entrik
TienaWong,aldimanfransius
TienaWong,vanderalinsky
TienaWong,AlfianZuhdi
TienaWong,junas437
TienaWong,AriusSutendi
TienaWong,alviimidwife
TienaWong,vanhartz
TienaWong,detujuh
TienaWong,romdinazhar
TienaWong,HarHarharyo
TienaWong,jasamcultah
TienaWong,karto_loyo
TienaWong,Guntungputralak
TienaWong,Rennowahap
TienaWong,anggrainificky
TienaWong,Kagung_Chang
TienaWong,graciodrez
TienaWong,JeremyDika
TienaWong,fajrill83
TienaWong,runal789
TienaWong,24_poetry
TienaWong,protoc
TienaWong,Jeliesrey
TienaWong,seliza2
TienaWong,hari69bege
TienaWong,RoyPtm
TienaWong,shdidu
TienaWong,denny12301
TienaWong,IsmailIzhal
TienaWong,tennytere
TienaWong,andri_tahupop
TienaWong,nooryunus
TienaWong,AGungku51606062
TienaWong,sushi_mura17
TienaWong,lineshop_id
TienaWong,enaz83
TienaWong,mahayonibali
TienaWong,daengiwank
TienaWong,matador_store
TienaWong,Lennyanggraeny2
TienaWong,swaggerhicks
TienaWong,cha_elizhaa
TienaWong,blacksuherman
TienaWong,dentaprawira
TienaWong,AdrianSuhendra
TienaWong,PronSchool
TienaWong,hemajeng
TienaWong,RW_milanisti
TienaWong,indra_pers
TienaWong,LaRouge_shop
TienaWong,sq_sweety
TienaWong,harnik_k
TienaWong,dufnys
TienaWong,calestorkizito
TienaWong,GianLuEgi
TienaWong,hendrawijaya1
TienaWong,JatmikoSM
TienaWong,almirha_dmarely
TienaWong,MaryonoEdi
TienaWong,FelishaDita
TienaWong,Iwan_Usman
TienaWong,Syechalmujazi
TienaWong,Arlin_Gorontalo
TienaWong,EL_ntra
TienaWong,pakeotak
TienaWong,triwahy01061041
TienaWong,abbeyterra
TienaWong,Hujan80
TienaWong,KimNovhyMinoz
TienaWong,LeoLegregg
TienaWong,FahmeeTheEAGLE
TienaWong,bang_yanuar
TienaWong,jonamarsan23
TienaWong,Stretchmarkblog
TienaWong,zurianto96
TienaWong,GiuvanC
TienaWong,arana391
TienaWong,Chandraanta
TienaWong,attarakha
TienaWong,sahrulputra706
TienaWong,ijoel_naen
TienaWong,bikerstshirt
TienaWong,ALIIFFF12
TienaWong,ToarToxx
TienaWong,twettdakwah
TienaWong,hendriirawan55
TienaWong,LunasiLuna
TienaWong,Suitmobile
TienaWong,OomMAlbadriyah
TienaWong,andik_ghofi
TienaWong,febri_bismania
TienaWong,Pitt_ajee
TienaWong,SabdoDIndonesia
TienaWong,BillyIwake
TienaWong,imma_hikmawati
TienaWong,vittamoon
TienaWong,bery_Dipon2
TienaWong,cahayafalah
TienaWong,DanwarWisnu
TienaWong,meilisya1
TienaWong,kangmoekhlas
TienaWong,Sipunelsa
TienaWong,asad_35444
TienaWong,FaridaHasanah07
TienaWong,SSIJooz
TienaWong,DQuiano
TienaWong,00_mbodho
TienaWong,haristamara
TienaWong,dedektasty1
TienaWong,AnggelinaCom
TienaWong,cakra_sunda
TienaWong,Waddaddah
TienaWong,ardhy_2337CC73
TienaWong,SOkby
TienaWong,branatarian
TienaWong,massmoel
TienaWong,WhanaNhatasyha
TienaWong,olina_olina
TienaWong,tinha_apriliya
TienaWong,babah_badirul
TienaWong,DanielDewantara
TienaWong,belmandozz
TienaWong,IndoLebaran
TienaWong,vino9shinichi
TienaWong,pajar_trans
TienaWong,ganstile
TienaWong,updateblog
TienaWong,Rama_Tye
TienaWong,mawardisyarif
TienaWong,LAZISMU_PKU
TienaWong,wulanda19728946
TienaWong,anisafitrianihf
TienaWong,IcinELF
TienaWong,RichaYumire
TienaWong,ClaraFebriclara
TienaWong,MellyEcha
TienaWong,irdha_33
TienaWong,aprillyzed
TienaWong,Hantoni3
TienaWong,ratih_ashyla
TienaWong,ChenkAdityaPutr
TienaWong,andrew70296864
TienaWong,nizhiela_puthu
TienaWong,EonniRam
TienaWong,AndiniRia
TienaWong,indry75119670
TienaWong,VhitiyCetia
TienaWong,eksanscout1303
TienaWong,cindyayunda
TienaWong,amynovita
TienaWong,Tria_fb95
TienaWong,dya_ara
TienaWong,ovhieasli
TienaWong,ema_ratna
TienaWong,RundYehezkiel
TienaWong,aditya_lampung
TienaWong,MarthaAbadi
TienaWong,ayudiyah_wulan
TienaWong,rayaresti
TienaWong,cen2_sinam
TienaWong,tavajJ
TienaWong,almulla38383
TienaWong,ndooooeeeellll
TienaWong,nha_92mahar
TienaWong,YolandaPangali2
TienaWong,syiti_bismaniac
TienaWong,kiyoziel
TienaWong,Devi_BeautyCare
TienaWong,rossyocywae
TienaWong,ocriza_tifani
TienaWong,wulandarierin
TienaWong,fussy_fussy
TienaWong,lisa_iqbalgmail
TienaWong,fannyauliaputr1
TienaWong,chalasty
TienaWong,omsihman
TienaWong,SarasIkaa
TienaWong,jonathanenda1
TienaWong,EldaRusmadewi
TienaWong,zhintaAjjh
KresnaWidiasari,William01171992
KresnaWidiasari,Lindsay31337042
KresnaWidiasari,agusmokaagus
KresnaWidiasari,andi_brahmantio
KresnaWidiasari,helenchindrani
KresnaWidiasari,esh_anne
KresnaWidiasari,styoMbLenDez
KresnaWidiasari,youdie03416777
KresnaWidiasari,RajaHurufTimbul
KresnaWidiasari,atikaaahAL
KresnaWidiasari,lexatma
KresnaWidiasari,TArieyanto
KresnaWidiasari,DirgaDjabir
KresnaWidiasari,Eka_Jati_Group
KresnaWidiasari,a6c15307d0ee4e2
KresnaWidiasari,sahdidu
KresnaWidiasari,sundarikeluang
KresnaWidiasari,radex8713
KresnaWidiasari,har_dodi
KresnaWidiasari,boenariski
KresnaWidiasari,bedjoe90
KresnaWidiasari,kosye
KresnaWidiasari,NASERISKANDAR
KresnaWidiasari,AreeYaadee
KresnaWidiasari,CumainfoLoc
KresnaWidiasari,shintadesian21
KresnaWidiasari,AwendyAwandy
KresnaWidiasari,aqilsirojuden12
KresnaWidiasari,Dedy_elang
KresnaWidiasari,Yennaschandra
KresnaWidiasari,FrancisQrent
KresnaWidiasari,hafizsda
KresnaWidiasari,Bung_Awalk
KresnaWidiasari,dama_putraa
KresnaWidiasari,SminarWirausaha
KresnaWidiasari,alfuadi
KresnaWidiasari,aldimanfransius
KresnaWidiasari,BATIKYUFA
KresnaWidiasari,AlfianZuhdi
KresnaWidiasari,Kraviti_Bdg
KresnaWidiasari,abul_haitsam
KresnaWidiasari,sutami85
KresnaWidiasari,Radit45103495
KresnaWidiasari,vanhartz
KresnaWidiasari,ardiansah_isuzu
KresnaWidiasari,detujuh
KresnaWidiasari,Yudhaadikrisna2
KresnaWidiasari,romdinazhar
KresnaWidiasari,jhordyR
KresnaWidiasari,jasamcultah
KresnaWidiasari,karto_loyo
KresnaWidiasari,Beniiekurniawan
KresnaWidiasari,alianakasgar
KresnaWidiasari,agustferdian
KresnaWidiasari,Guntungputralak
KresnaWidiasari,aries_19187
KresnaWidiasari,heru_SCREAMO2
KresnaWidiasari,biberrkin
KresnaWidiasari,DidiFarahat
KresnaWidiasari,dony_adam23
KresnaWidiasari,f_ry_h
KresnaWidiasari,AnipSeptian
KresnaWidiasari,vz_dra
KresnaWidiasari,graciodrez
KresnaWidiasari,GuruhSembodo
KresnaWidiasari,Gallery123R
KresnaWidiasari,UmrohDahsyat
KresnaWidiasari,JeremyDika
KresnaWidiasari,wiwin12_kusuma
KresnaWidiasari,runal789
KresnaWidiasari,fajrill83
KresnaWidiasari,protoc
KresnaWidiasari,Jeliesrey
KresnaWidiasari,I_ONESUPERKIDAL
KresnaWidiasari,ArdinaRastie
KresnaWidiasari,shdidu
KresnaWidiasari,denny12301
KresnaWidiasari,mr_shoul
KresnaWidiasari,AswadKendari
KresnaWidiasari,Aynee_Noer
KresnaWidiasari,MonstarCloth
KresnaWidiasari,tennytere
KresnaWidiasari,marry_yenti
KresnaWidiasari,aangself
KresnaWidiasari,AGungku51606062
KresnaWidiasari,HassanTyZak
KresnaWidiasari,RoniRoonster
KresnaWidiasari,dinal_architect
KresnaWidiasari,arpen_tanjung
KresnaWidiasari,sopianr
KresnaWidiasari,sekadar_tanya
KresnaWidiasari,enaz83
KresnaWidiasari,Akbar_BMW
KresnaWidiasari,hpsmartphone
KresnaWidiasari,kanakselaparang
KresnaWidiasari,gumipaersasak
KresnaWidiasari,mahayonibali
KresnaWidiasari,DellaaAryantii
KresnaWidiasari,daengiwank
KresnaWidiasari,matador_store
KresnaWidiasari,ClaySairi
KresnaWidiasari,ArieRahaditya
KresnaWidiasari,cha_elizhaa
KresnaWidiasari,blacksuherman
KresnaWidiasari,dentaprawira
KresnaWidiasari,AdrianSuhendra
KresnaWidiasari,PronSchool
KresnaWidiasari,hemajeng
KresnaWidiasari,RW_milanisti
KresnaWidiasari,andri_tahupop
KresnaWidiasari,indra_pers
KresnaWidiasari,LaRouge_shop
KresnaWidiasari,sq_sweety
KresnaWidiasari,kholidkaryadi
KresnaWidiasari,fxradian
KresnaWidiasari,sammylung
KresnaWidiasari,rb_cauks
KresnaWidiasari,JiihBetawi
KresnaWidiasari,calestorkizito
KresnaWidiasari,GianLuEgi
KresnaWidiasari,JatmikoSM
KresnaWidiasari,MaryonoEdi
KresnaWidiasari,wngfeyhung
KresnaWidiasari,FelishaDita
KresnaWidiasari,syafwanasfan
KresnaWidiasari,AdiDamanhurii
KresnaWidiasari,Octha347
KresnaWidiasari,yayaikc10
KresnaWidiasari,ilmaseftya
KresnaWidiasari,akhmadfit
KresnaWidiasari,Syechalmujazi
KresnaWidiasari,torezgreyson
KresnaWidiasari,mochmahfud4
KresnaWidiasari,Arlin_Gorontalo
KresnaWidiasari,kz_kayla
KresnaWidiasari,EL_ntra
KresnaWidiasari,ahogant
KresnaWidiasari,pakeotak
KresnaWidiasari,triwahy01061041
KresnaWidiasari,abbeyterra
KresnaWidiasari,Dr_Mustafa_Moh_
KresnaWidiasari,BrutalHanis
KresnaWidiasari,Hujan80
KresnaWidiasari,MprilBorusinaga
KresnaWidiasari,Arief_Sebatas
KresnaWidiasari,omi77helmi
KresnaWidiasari,budi_masih
KresnaWidiasari,hafidz_akhmad
KresnaWidiasari,bang_yanuar
KresnaWidiasari,Stretchmarkblog
KresnaWidiasari,zurianto96
KresnaWidiasari,GiuvanC
KresnaWidiasari,Chandraanta
KresnaWidiasari,attarakha
KresnaWidiasari,mas_engguh
KresnaWidiasari,tuty_tuwiet
KresnaWidiasari,AlMakhrus
KresnaWidiasari,sovieprianty
KresnaWidiasari,ijoel_naen
KresnaWidiasari,bikerstshirt
KresnaWidiasari,aezhyro_01eyz
KresnaWidiasari,adindacoll
KresnaWidiasari,ALIIFFF12
KresnaWidiasari,ianndaboii
KresnaWidiasari,septhybestfrien
KresnaWidiasari,twettdakwah
KresnaWidiasari,henvespa
KresnaWidiasari,mellyanarika
KresnaWidiasari,hendriirawan55
KresnaWidiasari,LunasiLuna
KresnaWidiasari,wawan_sinaga
KresnaWidiasari,beeh_clicks94
KresnaWidiasari,RivanJonathan2
KresnaWidiasari,Suitmobile
KresnaWidiasari,loony_ge
KresnaWidiasari,ToarToxx
KresnaWidiasari,ashadi_nurfadil
KresnaWidiasari,OomMAlbadriyah
KresnaWidiasari,rommygading
KresnaWidiasari,MuthiaAzzahraa
KresnaWidiasari,wagenugraha
KresnaWidiasari,andik_ghofi
KresnaWidiasari,Pitt_ajee
KresnaWidiasari,IndraMentwot
KresnaWidiasari,Frda07
KresnaWidiasari,Chun_bawoxss
KresnaWidiasari,FahmeeTheEAGLE
KresnaWidiasari,vittamoon
KresnaWidiasari,cahayafalah
KresnaWidiasari,bery_Dipon2
KresnaWidiasari,DanwarWisnu
KresnaWidiasari,wahyu_cung
KresnaWidiasari,meilisya1
KresnaWidiasari,KaLilaShop
KresnaWidiasari,Sipunelsa
KresnaWidiasari,asad_35444
KresnaWidiasari,anitya_meiliani
KresnaWidiasari,SSIJooz
KresnaWidiasari,AgungProperty
KresnaWidiasari,DQuiano
RTIKPalopo,mitsubishiplp
RTIKPalopo,festik2019
RTIKPalopo,iting03
RTIKPalopo,AbbastAlam
RTIKPalopo,Nagari_kito
RTIKPalopo,dra_tanjung
RTIKPalopo,PalopoHeritage
RTIKPalopo,fesTIK2019_
RTIKPalopo,Dean_agustina
RTIKPalopo,JongLelana
RTIKPalopo,RTIKPasuruan
RTIKPalopo,rtikkomsatstmik
RTIKPalopo,PasuruanRtik
RTIKPalopo,RTIKJatim
RTIKPalopo,SauBoling
RTIKPalopo,RajaSadewa2
RTIKPalopo,JumardyArdy2
RTIKPalopo,Putta84093996
RTIKPalopo,rtikbogor
RTIKPalopo,Waone182
RTIKPalopo,rtikmedan
RTIKPalopo,Rahmat04720597
RTIKPalopo,bella_enjel
RTIKPalopo,Cucueni
RTIKPalopo,MahmudiBjn
RTIKPalopo,RTIKMagelang
RTIKPalopo,Nolis52025272
RTIKPalopo,Teope7
RTIKPalopo,OraCave
RTIKPalopo,info_lukman
RTIKPalopo,syahrirsyah78
RTIKPalopo,RTIKSumSel
RTIKPalopo,8e222e88c65e40f
RTIKPalopo,AjengAjengCilik
RTIKPalopo,IWAN26121994
RTIKPalopo,YanaAzaria
RTIKPalopo,Palopo_Online
RTIKPalopo,ayisekarang
RTIKPalopo,liranews_palopo
RTIKPalopo,SpotsatuCom
RTIKPalopo,wandiluwu
RTIKPalopo,tribunpalopo
RTIKPalopo,rtikjember
RTIKPalopo,Kuymut
RTIKPalopo,NegeriMuslim
RTIKPalopo,zyahcrier
RTIKPalopo,emontok64
RTIKPalopo,Accink_07
RTIKPalopo,ApkomDKI
RTIKPalopo,risal_muhammad
RTIKPalopo,MonitaLitha
RTIKPalopo,ruteun
RTIKPalopo,yunikope
RTIKPalopo,asfar6
RTIKPalopo,CANKULI
RTIKPalopo,mochnazar1
RTIKPalopo,rtik_kotatasik
RTIKPalopo,UganTasik
RTIKPalopo,HariantoHar
RTIKPalopo,JIMBojonegoro
RTIKPalopo,RTIKBanjaran
RTIKPalopo,cawanksafwan
RTIKPalopo,Infoportalnews
RTIKPalopo,KoranSeruya
RTIKPalopo,RelawanTIKBjr
RTIKPalopo,Addins88
RTIKPalopo,AkbarAmalAra1
RTIKPalopo,14_setyawan
RTIKPalopo,UdineHasan
RTIKPalopo,syahrirsmada
RTIKPalopo,RochmatPurwanto
RTIKPalopo,Nawawisangkilat
RTIKPalopo,bundaasraf
RTIKPalopo,muchtarsyam51
RTIKPalopo,riskifr
RTIKPalopo,festikaceh2017_
RTIKPalopo,atto19
RTIKPalopo,deniesh_fitria
RTIKPalopo,mahoudt421
RTIKPalopo,4ndri_4n4
RTIKPalopo,tkspalopo
RTIKPalopo,RTikPGK
RTIKPalopo,achbarman
RTIKPalopo,kangmaman692014
RTIKPalopo,herrysoewito
RTIKPalopo,DesaHanura
RTIKPalopo,rtikmajalengka
RTIKPalopo,ALISODIKIN71
RTIKPalopo,UWaliulu
RTIKPalopo,TweetPalopo
RTIKPalopo,suharjorisal
RTIKPalopo,DenisPrayogi
RTIKPalopo,RTIK_Purwakarta
RTIKPalopo,nurjanahyasmine
RTIKPalopo,DesaSidamulih2
RTIKPalopo,tlehu
RTIKPalopo,wafiqa997
RTIKPalopo,CikampakYpbu
RTIKPalopo,imransmkn4plp
RTIKPalopo,yans12861
RTIKPalopo,FrizzyThea
RTIKPalopo,BramaOctavhery
RTIKPalopo,Libukang_NotDie
RTIKPalopo,EmanKang
RTIKPalopo,MhadrawyN
RTIKPalopo,sutardjo1
RTIKPalopo,Arman_Lornas
RTIKPalopo,WinnyAnggrainiA
RTIKPalopo,adiparenreng
RTIKPalopo,KIAMPI1
RTIKPalopo,ABDULMANUNTUN1
RTIKPalopo,RTIK_KALTENG
RTIKPalopo,Izal_Manda
RTIKPalopo,aNdHi_aURoRa
RTIKPalopo,edysupraeko
RTIKPalopo,elhy_cheno
RTIKPalopo,arfiind_ztemza
RTIKPalopo,ipalopo
RTIKPalopo,romypaputungan
RTIKPalopo,Adeanto
RTIKPalopo,musaamin
RTIKPalopo,rtiklamongan
RTIKPalopo,kalogoz
RTIKPalopo,AsgarUsman
RTIKPalopo,supriyantosoep
RTIKPalopo,avatars07
RTIKPalopo,wandym1212
RTIKPalopo,ari_banjarID
RTIKPalopo,HaswadiT
RTIKPalopo,juraganlaptop
RTIKPalopo,SirajaBorbor
RTIKPalopo,RTIKNias
RTIKPalopo,Maludin11
RTIKPalopo,destika2014
RTIKPalopo,RTIKPemalang
RTIKPalopo,RelawanTIKPdg
RTIKPalopo,infopalopo123
RTIKPalopo,RelawanTIKKukar
RTIKPalopo,RelawanTIKCjr
RTIKPalopo,shury_plp
RTIKPalopo,rusdimadhajali
RTIKPalopo,rahmat_plp
RTIKPalopo,banyumurti
RTIKPalopo,RTIKHebat
RTIKPalopo,subrayonkdm
RTIKPalopo,lutfi_hidayat
RTIKPalopo,RTIK_Hendrou
RTIKPalopo,D_Nofriadi
RTIKPalopo,MulyanaSukabumi
RTIKPalopo,1bichara
RTIKPalopo,rtiksmi
RTIKPalopo,bloggerborneo
RTIKPalopo,nyni4janne
RTIKPalopo,TimCovid19
RTIKPalopo,lhegho_13
RTIKPalopo,endah_tj
RTIKPalopo,commonroom_id
RTIKPalopo,say_saleem
RTIKPalopo,rtikjateng
RTIKPalopo,KI_Palopo
RTIKPalopo,mellcurly
RTIKPalopo,aandhen
RTIKPalopo,arhie_pre
RTIKPalopo,hijabgayakucom
RTIKPalopo,HumasPalopo
RTIKPalopo,LeLucky_Lucky
RTIKPalopo,OC_Tshirt
RTIKPalopo,RTIKBojonegoro
RTIKPalopo,ndoroblankon
RTIKPalopo,imbiricom
RTIKPalopo,fany_fanydufany
RTIKPalopo,arganetdotcom
RTIKPalopo,RTIKBanyumas
RTIKPalopo,navolianna
RTIKPalopo,sofhian_fn
RTIKPalopo,fajar_yes
RTIKPalopo,RTIKsultra
RTIKPalopo,RTIKmBantul
RTIKPalopo,kakdidik13
RTIKPalopo,vhazollee
RTIKPalopo,OSISDAFA1213
RTIKPalopo,Ewiek_Cruiser
RTIKPalopo,CafeRestoPalopo
RTIKPalopo,Leximantiri
RTIKPalopo,BloggerNgawag
RTIKPalopo,RTIK_SUMBAR
RTIKPalopo,bjuriarjuno
RTIKPalopo,imbiripapua
RTIKPalopo,illank_jie
RTIKPalopo,RTIK_Kendari
RTIKPalopo,sipiyuku
RTIKPalopo,massolpanjava
RTIKPalopo,relawantikbali
RTIKPalopo,RTIK_Bulukumba
RTIKPalopo,RelawanTIKSulSe
RTIKPalopo,ari_muswar
RTIKPalopo,maiq_qima
RTIKPalopo,rtiksumut
RTIKPalopo,laboratoriumhp
RTIKPalopo,DufanyFany
twingky29,djonychang
twingky29,ngfcommunity01
twingky29,ichabeey
twingky29,Vonny_Ramali
amelia_90,Richie81113054
amelia_90,crunchingmind
amelia_90,richardthomas81
amelia_90,LarryLNichols
amelia_90,Yusuf04Moses
amelia_90,yustus_hamat
amelia_90,mei_taa
amelia_90,TrevaniP
amelia_90,binakarir
amelia_90,suhendrawidjojo
amelia_90,hendr_am
amelia_90,eddy_wiyanto
amelia_90,angie_sopacua
amelia_90,DewikumDewi
amelia_90,CakraAu
amelia_90,18Putrioctavia
amelia_90,liaoozz
amelia_90,Adi_Boim09
amelia_90,Chris_Jo_P
amelia_90,gracesiafercita
amelia_90,sakocollection
amelia_90,PtrKenzo
amelia_90,NoviaPurba1
amelia_90,ianhetharie
amelia_90,agil_agile
amelia_90,arivikaa
amelia_90,oktavian_shelly
amelia_90,Bastiani_Agusti
amelia_90,shelly09930357
amelia_90,ellenladies
amelia_90,bliwayan1
amelia_90,AriestaKuntjoro
amelia_90,KurzKur
amelia_90,AyoeTirza
amelia_90,AffidinaCYunus
amelia_90,ndutz_tya
amelia_90,brianwidi
amelia_90,PLP_UKRIDA
amelia_90,siang_han
amelia_90,depurple13
amelia_90,rifaldi1115
amelia_90,dennyhyung
amelia_90,Tomatonita
amelia_90,PriezPuppiez
amelia_90,we_weh
amelia_90,meisiani
amelia_90,3zlowh
amelia_90,megawulan_hua
amelia_90,FimaMardiana
amelia_90,bhocun
amelia_90,Ruddy_83
amelia_90,NugrahaPHanto
amelia_90,pink_margaretha
amelia_90,rinnimeri
amelia_90,cuties04
amelia_90,Fery_Sugiokto
amelia_90,HaTeWe
amelia_90,H_yadi
amelia_90,lyani_purple
amelia_90,garryariesta
amelia_90,R_Win4ever
amelia_90,NoviaLius
amelia_90,eclat_veranda
amelia_90,lia_nichola
amelia_90,ElizabethSimora
amelia_90,juwitasuzanna
amelia_90,cHoVeRo
amelia_90,DebhHoneyBee
amelia_90,2Marianus
amelia_90,Jmandasari
amelia_90,Raniaissance
amelia_90,UKRIDIAN_Ropang
amelia_90,priyatnoardi
amelia_90,AnastasiaMeilia
amelia_90,vina_chu91
amelia_90,Rema_2309
amelia_90,readypratama90
amelia_90,frisnat
amelia_90,LoverOfGod2007
amelia_90,Maxwell_Leaders
amelia_90,ratu_ngemil
amelia_90,grace_wichan
amelia_90,Stefanus241187
amelia_90,EllaEboth
amelia_90,Meiyhsnoop
amelia_90,darnaishak
amelia_90,ilsansumiati
amelia_90,littlemissyshop
amelia_90,Ayu_kuntiblues
amelia_90,de_i_sy
amelia_90,HanaFatmawaty
amelia_90,stefani_wolin
amelia_90,shantarantulla
amelia_90,EisforEby
amelia_90,anastasiaANS
amelia_90,Jo_C_phine
amelia_90,PsikologiUKRIDA
amelia_90,hgtasdddllll
amelia_90,affidina
amelia_90,Felanny_felz
amelia_90,FrieskaS
RaiYunita,madesudiarta8
RaiYunita,Sandiwiyana
RaiYunita,estherliem01
RaiYunita,Ngurah_Rock
RaiYunita,nita_loktika
RaiYunita,cahyaastuti2
RaiYunita,JoniKomang
RaiYunita,Putu_Erry
IDSmarTalent,gtaparents
IDSmarTalent,Karyakaban
IDSmarTalent,Rahol60706066
IDSmarTalent,BundaLucy
IDSmarTalent,Fangclinic
IDSmarTalent,atmajaya
IDSmarTalent,dennis_matanari
IDSmarTalent,kekuatan_mind
IDSmarTalent,SyarahBelawati
IDSmarTalent,ArianPutra19
IDSmarTalent,radiomontini
IDSmarTalent,sbudhi81
IDSmarTalent,oslandedward69
IDSmarTalent,ASHypnosis
IDSmarTalent,e4c32786e831427
IDSmarTalent,WebBekasi
IDSmarTalent,Bdg_Hipnoterapi
IDSmarTalent,RAnuniz
IDSmarTalent,Parenting_Daily
IDSmarTalent,AraDwati1
IDSmarTalent,irwan_sgm
IDSmarTalent,KunMukarrom
IDSmarTalent,fredrik_polii
IDSmarTalent,HDwiyana
IDSmarTalent,masadepan11
IDSmarTalent,munawar_syah
IDSmarTalent,sultan_maestro
IDSmarTalent,ronny0808
IDSmarTalent,yolandakartika
IDSmarTalent,om_liem
IDSmarTalent,compare4dealsuk
IDSmarTalent,git_twit
IDSmarTalent,betasugiarso
IDSmarTalent,iniairalatifaQ
IDSmarTalent,JJuwantoro
IDSmarTalent,BabehMaxima
IDSmarTalent,mihs9977
IDSmarTalent,JagoJualanID
IDSmarTalent,Waluyo919Waluyo
IDSmarTalent,TalklessinMind
IDSmarTalent,li2styo
IDSmarTalent,sshanty_susi
IDSmarTalent,yussantos
IDSmarTalent,JiogMandra
IDSmarTalent,WiwinWi37383691
IDSmarTalent,hannafi_han
IDSmarTalent,IBJJimbaran
IDSmarTalent,nop1susanto
IDSmarTalent,MM_Umar01
IDSmarTalent,dewiyana88
IDSmarTalent,santoaero
IDSmarTalent,abangchocho
IDSmarTalent,vadhilirsyal
IDSmarTalent,rezaoktavian11
IDSmarTalent,GustianosaRizan
IDSmarTalent,Mktsoega
IDSmarTalent,khairul07893
IDSmarTalent,ferdilamak
IDSmarTalent,AgungCht
IDSmarTalent,DsignWeddingCar
IDSmarTalent,LifeTransCenter
IDSmarTalent,MadSodik
IDSmarTalent,pondokgemes
IDSmarTalent,BenjsLeader
IDSmarTalent,aling7536
IDSmarTalent,madjid_bati
IDSmarTalent,mb4d_21
IDSmarTalent,SaputraAies
IDSmarTalent,oktavia_ulvie
IDSmarTalent,LuthfiMasud
IDSmarTalent,Aurearahel5
IDSmarTalent,k_sianturi
IDSmarTalent,ZakiZakirocker
IDSmarTalent,SmartFM_Manado
IDSmarTalent,sy792
IDSmarTalent,Cahyana_Puthut
IDSmarTalent,agusmardi18
IDSmarTalent,sulistyoagus
IDSmarTalent,lindasetiawan99
IDSmarTalent,javasilat
IDSmarTalent,alat_alkes
IDSmarTalent,angga1282
IDSmarTalent,nitipbrosur
IDSmarTalent,aasyafsmg
IDSmarTalent,pavilionpermata
IDSmarTalent,Omnyaguntur
IDSmarTalent,andick1
IDSmarTalent,gbtraha
IDSmarTalent,myusfirdaus
IDSmarTalent,robert_kennedi
IDSmarTalent,sekolahsakura
IDSmarTalent,HeryatiIim
IDSmarTalent,DjunaidahNay
IDSmarTalent,QranaKirana
IDSmarTalent,TitusCoach
IDSmarTalent,GuguhUnggulS
IDSmarTalent,cipcipnyinyi
IDSmarTalent,TokoRiEnFa
IDSmarTalent,CombiCombii
IDSmarTalent,andreLpolly
IDSmarTalent,IwanHartonoM
IDSmarTalent,dodizulkifli
IDSmarTalent,virgitha
IDSmarTalent,shandyanderson
IDSmarTalent,Hendriharjanto
IDSmarTalent,RListy
IDSmarTalent,vannyyohansha
IDSmarTalent,didisingapraj4
IDSmarTalent,AntonRustyawan
IDSmarTalent,achaprisilia
IDSmarTalent,faryuzfamouz
IDSmarTalent,kpk_demokrat
IDSmarTalent,magician_lmj
IDSmarTalent,dompetdhuafaorg
IDSmarTalent,JesseShop
IDSmarTalent,Safari_ANS
IDSmarTalent,KenzouShinichi
IDSmarTalent,rickyasmara37
IDSmarTalent,NenkTyaa
IDSmarTalent,herrytan
IDSmarTalent,andichaidirsi
IDSmarTalent,drdayuagung
IDSmarTalent,nghanywibowo
IDSmarTalent,muchamadjainuri
IDSmarTalent,eddyfranz366
IDSmarTalent,vinaxfeliciax
IDSmarTalent,CantikClara2
IDSmarTalent,andikayunani
IDSmarTalent,ndariku_p
IDSmarTalent,MissDWu
IDSmarTalent,makassar008
IDSmarTalent,adi_bnr
IDSmarTalent,MRCI_Indonesia
IDSmarTalent,ellynagasaputra
IDSmarTalent,scaurijah
IDSmarTalent,WonosoboTV
IDSmarTalent,keiatyne
IDSmarTalent,Vessa_Catering
IDSmarTalent,3jona
IDSmarTalent,maxmanroe
IDSmarTalent,LaVessaCatering
IDSmarTalent,luxsrht
IDSmarTalent,MSalmanMtq
IDSmarTalent,MelaniMiswaris
IDSmarTalent,ZeidaMila
IDSmarTalent,SunIslandMusic
IDSmarTalent,ali_imroen
IDSmarTalent,alrizk_mulk
IDSmarTalent,Iklan_pinBBM
IDSmarTalent,1ndra7aya
IDSmarTalent,iwearshoesz
IDSmarTalent,SajadahMuslim1
IDSmarTalent,FantasticPGA
IDSmarTalent,ib3y_8
IDSmarTalent,sahabatpanell
IDSmarTalent,Af231299
IDSmarTalent,vonneekoe
IDSmarTalent,RriaIntan_
IDSmarTalent,mellykiong
IDSmarTalent,bisnisenydwi
IDSmarTalent,shine_7sky
IDSmarTalent,Husaeni443896
IDSmarTalent,sunni_shop
IDSmarTalent,EnergiStem
IDSmarTalent,baznoob
IDSmarTalent,studiobisnis
IDSmarTalent,jubelnus
IDSmarTalent,liliksuryabudi
IDSmarTalent,selvyriana
IDSmarTalent,sianturidenny
IDSmarTalent,Risalah_Aqiqah
IDSmarTalent,AndrianAndrex17
IDSmarTalent,AnaNursyifa
IDSmarTalent,RiantiarnoYuwo1
IDSmarTalent,GustinoTravel
IDSmarTalent,Dokter_Adelia
IDSmarTalent,alvigallery
IDSmarTalent,Fargo2001
IDSmarTalent,fredy8822
IDSmarTalent,zalvazahira90
IDSmarTalent,nickojeffry
IDSmarTalent,CarinoCoat
IDSmarTalent,NoeNitaPop
IDSmarTalent,TuyulSinting
IDSmarTalent,muhammadpanduh
IDSmarTalent,catcatty8
IDSmarTalent,slimcaregroup
IDSmarTalent,OmAul
IDSmarTalent,winalf12379
IDSmarTalent,tessaparamitha
IDSmarTalent,afunk19
IDSmarTalent,Tanakaitto
IDSmarTalent,Imanharj
IDSmarTalent,sofiemunir
IDSmarTalent,Astri_Soekandar
IDSmarTalent,lutfihakim_m
IDSmarTalent,robkosasih
IDSmarTalent,saputanganbiru1
IDSmarTalent,HertyZabilaurel
IDSmarTalent,sahdadiani
pyramotiva,Karyakaban
pyramotiva,ronny0808
pyramotiva,andichaidirsi
pyramotiva,elistijani
pyramotiva,rajaholiday
pyramotiva,MindHarmonious
pyramotiva,akang_isman
pyramotiva,NurdinSetiawan
pyramotiva,nellosw
pyramotiva,2012MAHC
pyramotiva,johnmachniak
pyramotiva,laksanahc
pyramotiva,NGHHeadquarters
pyramotiva,taqihammam
pyramotiva,caitlintoys
pyramotiva,umee_dee
pyramotiva,HaninAnly
pyramotiva,syarifniskala
pyramotiva,mul_indisyah
pink_margaretha,chocolatos_c
pink_margaretha,AilienChM
pink_margaretha,kristiadona
pink_margaretha,KevinBecker5
pink_margaretha,YosiaMars
pink_margaretha,erikahulda
pink_margaretha,Addin_Enjoy1
pink_margaretha,PriskilaAnies
pink_margaretha,j0hannambr99
pink_margaretha,oliph
pink_margaretha,YosipaYsp
pink_margaretha,ritsq9haan
pink_margaretha,y0si4
pink_margaretha,deviandriany
pink_margaretha,LukitoSutanto
pink_margaretha,mantirivai
pink_margaretha,Chisester
pink_margaretha,johneliad
pink_margaretha,dhedhe4477bb
pink_margaretha,isty031189
pink_margaretha,Chintia150406
pink_margaretha,celebrity_team
pink_margaretha,sigit_yohanes
pink_margaretha,boscowillyam
pink_margaretha,inhgriani
pink_margaretha,ArifMbahmien
pink_margaretha,Ponk_G
pink_margaretha,Rema_2309
pink_margaretha,heriputra743
pink_margaretha,AsmarannY
pink_margaretha,dAyoex
pink_margaretha,Pranazabdian
pink_margaretha,tehcicah
pink_margaretha,spi_bali
pink_margaretha,Setiawan_djauw4
pink_margaretha,kumpulkeluarga
pink_margaretha,chien28tan
pink_margaretha,chubby_lela
pink_margaretha,TsaTsavero
pink_margaretha,anne_tan93
pink_margaretha,princejohanes
pink_margaretha,Joko_Prihanto
pink_margaretha,selviaevie1
pink_margaretha,alvinthtc1
pink_margaretha,375Fan
pink_margaretha,WathySurjanto
pink_margaretha,kelvin_kiro
pink_margaretha,fancybluefairy
pink_margaretha,casije_21
pink_margaretha,bundawening
pink_margaretha,s_evie
pink_margaretha,johanesfabou
pink_margaretha,wiadnyana_adi
pink_margaretha,CahyonoSHT
pink_margaretha,ChoicePositive
pink_margaretha,rufinus_ndruru
pink_margaretha,ferdi_145
pink_margaretha,andrew_angmur
pink_margaretha,ivone_amelia
pink_margaretha,DanielHerawan
pink_margaretha,Herlina_DAS
pink_margaretha,freeyandri
pink_margaretha,SymOfRainbow
pink_margaretha,sandyanugerah
pink_margaretha,shoes_woman
pink_margaretha,rhembolz
pink_margaretha,Dimottanika
pink_margaretha,BrainyQuote
pink_margaretha,jul13nd
pink_margaretha,JebTimisela
pink_margaretha,yayen_sha
pink_margaretha,Feby_Sadja
pink_margaretha,c_cdian
pink_margaretha,alytaufan
pink_margaretha,ArnoldBolang25
pink_margaretha,nike_qq
pink_margaretha,angelika_sylvi
pink_margaretha,Felanny_felz
pink_margaretha,gulagilaika
pink_margaretha,adriennclaresta
pink_margaretha,Hernilen
pink_margaretha,Sakinaruci
pink_margaretha,oii_uii
pink_margaretha,elsyeRihiLino
pink_margaretha,NataliaKristan1
pink_margaretha,Lamboksinurat
pink_margaretha,papintoz
pink_margaretha,robby_tanara
pink_margaretha,nicholaskish
pink_margaretha,BIBLEHolySpirit
pink_margaretha,eirene077
pink_margaretha,totoksuroto
pink_margaretha,BejoSaputr0
pink_margaretha,TettyNemo
pink_margaretha,Rein_Hehareuw
pink_margaretha,andunkganteng21
pink_margaretha,danielnova07
pink_margaretha,_Euncha
pink_margaretha,djonychang
pink_margaretha,araini
pink_margaretha,meiwandono
pink_margaretha,Desttuwondila
pink_margaretha,She_Li
pink_margaretha,ngfcommunity01
pink_margaretha,Jeane_J35Y
pink_margaretha,dapakuti
pink_margaretha,dunamostek
pink_margaretha,alindasusilo
pink_margaretha,amelia_90
pink_margaretha,ngfchurch
pink_margaretha,risamahar
pink_margaretha,nfta_R
pink_margaretha,Seila_Sambow
pink_margaretha,jovitamariaferl
pink_margaretha,AnglingKR
pink_margaretha,Thirza_Pupee
pink_margaretha,angelsepang
pink_margaretha,esfabrilliane
pink_margaretha,restyenita
pink_margaretha,prokebebasan
pink_margaretha,dewitakarema
pink_margaretha,ampLas_338
pink_margaretha,gogomanugo
pink_margaretha,gido_hulk
pink_margaretha,losadoexdo4
pink_margaretha,parmanpasanje
pink_margaretha,IsaacKehi
pink_margaretha,wtoisuta
pink_margaretha,Edo_chien
pink_margaretha,ronaldnovianus
pink_margaretha,SumSerious_89
pink_margaretha,ASSAchrysan
pink_margaretha,Citra_cr
pink_margaretha,ignaciakarina
pink_margaretha,RuthAfluria
pink_margaretha,megaNast
pink_margaretha,YustiBee
pink_margaretha,yyuniarti
pink_margaretha,J_Gav
pink_margaretha,erin_ees
pink_margaretha,RichardJesua
pink_margaretha,syan_pooh
pink_margaretha,yoeltulus
pink_margaretha,D357_5
pink_margaretha,FrederikaHesty
pink_margaretha,devi_seira
pink_margaretha,edstino
pink_margaretha,dewiocha
pink_margaretha,GraciousCorner
pink_margaretha,Amber_Chriss
pink_margaretha,tlitaay
pink_margaretha,amavolta
pink_margaretha,Maxwell_Leaders
pink_margaretha,PenguinUKBooks
pink_margaretha,suryajcc_kusuma
